event_id,event_date,branch,event_type,item_type,patron_category,value
E1643,14/01/2026,Brookfield Health Sciences,Loan,Laptop,postgraduate,1
E1453,2025-12-07,Q+1 Reading Room,HelpDeskTicket,NA,Undergrad,1
E1716,2026-01-29,Q+1 Reading Room,Loan,Book,postgraduate,1
E1407,2025-12-02,Boole Library,Loan,Laptop,Postgraduate,1
E1161,2025-10-06,Boole Basement,Footfall,NA,Postgraduate,222
E2170,19/04/2026,Brookfield Health Sciences,Loan,Journal,postgraduate,1
E1934,2026-03-18,Brookfield Health Sciences,Footfall,NA,Postgrad,414
E2061,31/02/2025,Q+1 Reading Room,EResourceSession,EResource,UG,1
E1456,2025-12-07,Boole Library,Loan,Book,undergrad,1
E1025,2025-13-02,Boole Library,Loan,Laptop,undergrad,1
E1133,2025-09-30,Boole Library,HelpDeskTicket,NA,postgraduate,1
E1345,2025-11-20,Boole Basement,HelpDeskTicket,NA,undergraduate,1
E1447,2025-12-06,Boole Basement,Loan,Laptop,UG,1
E1294,07/11/2025,Brookfield Health Sciences,Return,Laptop,Postgrad,1
E1915,2026-03-15,Brookfield Health Sciences,StudyRoomBooking,StudyRoom,undergraduate,1
E2267,28/04/2026,Boole Library,Return,Journal,undergrad,1
E1529,14/12/2025,Brookfield Health Sciences,EResourceSession,EResource,Postgraduate,1
E2248,2026-04-27,Boole Basement,Loan,Laptop,Ext,1
E1558,16/12/2025,Boole Library,Footfall,NA,,298
E1012,2025-09-03,Brookfield Health Sciences,EResourceSession,EResource,postgraduate,1
E2015,2026-04-03,Q+1 Reading Room,EResourceSession,EResource,UG,1
E1845,27/02/2026,Q+1 Reading Room,Return,Laptop,Postgraduate,1
E1016,04/09/2025,Boole Basement,EResourceSession,EResource,PG,1
E1285,2025-11-04,Boole Basement,Return,Laptop,undergrad,1
E1180,2025-10-11,Q+1 Reading Room,Footfall,NA,undergrad,505
E1528,2025-12-14,Brookfield Health Sciences,Footfall,NA,,493
E2280,30/04/2026,Boole Library,Loan,Book,undergraduate,1
E2027,2026-04-05,Q+1 Reading Room,Footfall,NA,undergraduate,301
E2048,2026-04-09,Boole Library,EResourceSession,EResource,Undergrad,1
E1964,24-03-2026,Boole Library,Return,Book,,1
E1219,18-10-2025,Brookfield Health Sciences,Loan,Journal,Undergraduate,1
E1217,17-10-2025,Brookfield Health Sciences,StudyRoomBooking,StudyRoom,undergraduate,1
E1795,16/02/2026,Boole Library,Loan,Book,undergraduate,1
E2212,2026-04-24,Boole Library,Return,Laptop,Postgrad,1
E1671,2026-01-20,Brookfield Health Sciences,Return,Journal,UG,1
E1215,2025-10-17,Q+1 Reading Room,EResourceSession,EResource,undergraduate,1
E2254,2026-04-27,Q+1 Reading Room,Return,Journal,postgraduate,1
E1397,2025-12-01,Q+1 Reading Room,Return,Laptop,,1
E2000,2026-04-01,Brookfield Health Sciences,Footfall,NA,undergrad,439
E1055,2025-09-14,Boole Library,Loan,Journal,UG,1
E1170,09/10/2025,Boole Basement,StudyRoomBooking,StudyRoom,Staff,1
E1413,2025-12-02,Brookfield Health Sciences,Loan,Journal,Postgraduate,1
E1162,2025-10-07,Boole Basement,EResourceSession,EResource,UG,1
E2233,2026-04-26,Boole Library,HelpDeskTicket,NA,undergrad,1
E1489,10/12/2025,Brookfield Health Sciences,StudyRoomBooking,StudyRoom,Undergraduate,1
E1810,18 Feb 2026,Boole Library,Footfall,NA,Undergrad,384
E1452,2025-12-07,Boole Basement,HelpDeskTicket,NA,STAFF,1
E1263,2025-10-30,Q+1 Reading Room,Return,Journal,Undergrad,1
E1427,2025-12-04,Boole Library,Loan,Book,Staff,1
E1396,2025-12-01,Boole Library,Footfall,NA,,390
E1624,2026-01-10,Boole Basement,StudyRoomBooking,StudyRoom,undergrad,1
E1625,10/01/2026,Boole Library,EResourceSession,EResource,Undergrad,1
E1782,11/02/2026,Brookfield Health Sciences,Loan,Laptop,undergrad,1
E2063,11/04/2026,Q+1 Reading Room,EResourceSession,EResource,Visitor,1
E2026,2026-04-05,Brookfield Health Sciences,Return,Book,undergrad,1
E1789,13-02-2026,Brookfield Health Sciences,Loan,Laptop,,1
E2215,24/04/2026,Brookfield Health Sciences,Return,Journal,Undergrad,1
E2045,07-04-2026,Boole Library,StudyRoomBooking,StudyRoom,UG,1
E2187,21/04/2026,Brookfield Health Sciences,StudyRoomBooking,StudyRoom,undergraduate,1
E2089,13/04/2026,Brookfield Health Sciences,Loan,Journal,Undergraduate,1
E1080,19-09-2025,Q+1 Reading Room,EResourceSession,EResource,PG,1
E1064,2025-09-16,Brookfield Health Sciences,Loan,Laptop,undergrad,1
E1492,2025-12-10,Q+1 Reading Room,StudyRoomBooking,StudyRoom,Staff,1
E1359,2025-11-22,Q+1 Reading Room,EResourceSession,EResource,Postgrad,1
E1238,24/10/2025,Boole Library,HelpDeskTicket,NA,Undergrad,1
E1048,12/09/2025,Brookfield Health Sciences,HelpDeskTicket,NA,UG,1
E2070,11/04/2026,Boole Basement,Return,Laptop,UG,1
E1015,2025-09-04,Boole Library,Return,Laptop,Undergraduate,1
E1829,2026-02-22,Boole Basement,EResourceSession,EResource,undergrad,1
E2049,09/04/2026,Boole Library,StudyRoomBooking,StudyRoom,UG,1
E1464,07-12-2025,Boole Library,HelpDeskTicket,NA,Undergraduate,1
E2149,2026-04-18,Boole Library,Return,Book,Ext,1
E2067,2026-04-11,Brookfield Health Sciences,HelpDeskTicket,NA,undergrad,1
E1324,16-11-2025,Q+1 Reading Room,Loan,Laptop,STAFF,1
E1798,16-02-2026,Brookfield Health Sciences,EResourceSession,EResource,STAFF,1
E1519,13/12/2025,Boole Library,Loan,Laptop,Postgraduate,1
E2060,2026-04-11,Brookfield Health Sciences,Footfall,NA,Ext,650
E2250,27 Apr 2026,Brookfield Health Sciences,EResourceSession,EResource,undergraduate,1
E1116,26 Sep 2025,Boole Basement,Loan,Laptop,External,1
E2279,2026-04-30,Boole Library,StudyRoomBooking,StudyRoom,external,1
E1442,2025-12-06,Boole Basement,Loan,Journal,Staff,1
E2073,2026-04-11,Brookfield Health Sciences,Loan,Laptop,Undergrad,1
E1213,17-10-2025,Brookfield Health Sciences,Return,Laptop,undergrad,1
E1290,06-11-2025,Boole Basement,Loan,Laptop,undergraduate,1
E2194,21-04-2026,Brookfield Health Sciences,Loan,Book,Postgrad,1
E1295,07-11-2025,Brookfield Health Sciences,EResourceSession,EResource,Postgrad,1
E1200,15/10/2025,Boole Basement,Loan,Laptop,Undergraduate,1
E1559,2025-12-16,Q+1 Reading Room,EResourceSession,EResource,postgraduate,1
E1955,23 Mar 2026,Brookfield Health Sciences,HelpDeskTicket,NA,Postgraduate,1
E1743,2026-02-03,Boole Basement,Footfall,NA,,512
E2088,12/04/2026,Boole Basement,Loan,Laptop,Undergrad,1
E1470,08/12/2025,Boole Basement,EResourceSession,EResource,undergrad,1
E1168,2025-10-08,Q+1 Reading Room,Return,Laptop,Undergrad,1
E1351,21-11-2025,Q+1 Reading Room,Loan,Journal,STAFF,1
E1603,2026-01-04,Boole Basement,Return,Book,Postgrad,1
E1709,2026-01-27,Q+1 Reading Room,Loan,Laptop,undergraduate,1
E1587,24/12/2025,Q+1 Reading Room,Footfall,NA,Ext,264
E1761,2026-02-08,Boole Library,Footfall,NA,,492
E1315,2025-11-13,Brookfield Health Sciences,HelpDeskTicket,NA,Undergraduate,1
E1858,03 Mar 2026,Brookfield Health Sciences,EResourceSession,EResource,Undergraduate,1
E2183,2026-04-20,Brookfield Health Sciences,Loan,Laptop,undergraduate,1
E1074,18 Sep 2025,Boole Library,EResourceSession,EResource,undergrad,1
E2017,2026-04-03,Brookfield Health Sciences,Footfall,NA,Undergrad,293
E1633,2026-01-13,Boole Basement,StudyRoomBooking,StudyRoom,Undergrad,1
E1424,2025-12-04,Boole Library,HelpDeskTicket,NA,undergraduate,1
E1657,2026-01-17,Q+1 Reading Room,Return,Journal,postgraduate,1
E1330,18/11/2025,Brookfield Health Sciences,EResourceSession,EResource,undergrad,1
E2201,2026-04-22,Q+1 Reading Room,Loan,Journal,Undergrad,1
E1817,19-02-2026,Brookfield Health Sciences,Return,Journal,Undergrad,1
E1758,2026-02-07,Brookfield Health Sciences,EResourceSession,EResource,undergraduate,1
E1210,2025-10-17,Brookfield Health Sciences,StudyRoomBooking,StudyRoom,UG,1
E2022,2026-04-04,Boole Basement,Footfall,NA,External,399
E1506,2025-12-12,,Loan,Laptop,Staff,1
E1556,16/12/2025,Boole Library,HelpDeskTicket,NA,Postgrad,1
E1842,2026-02-26,Boole Library,Return,Journal,undergrad,1
E1207,2025-10-16,Boole Basement,Footfall,NA,Undergrad,314
E2138,2026-04-16,Boole Library,StudyRoomBooking,StudyRoom,Undergrad,1
E1102,24/09/2025,Q+1 Reading Room,EResourceSession,EResource,Undergrad,1
E2197,22-04-2026,Brookfield Health Sciences,StudyRoomBooking,StudyRoom,External,1
E1917,16/03/2026,Q+1 Reading Room,Footfall,NA,,187
E1408,2025-12-02,Boole Basement,EResourceSession,EResource,Postgraduate,1
E1768,09-02-2026,Boole Library,Return,Journal,,1
E1173,2025-10-09,Q+1 Reading Room,Return,Book,UG,1
E1516,13/12/2025,Q+1 Reading Room,StudyRoomBooking,StudyRoom,UG,1
E1990,2026-03-30,Brookfield Health Sciences,HelpDeskTicket,NA,UG,1
E1088,20-09-2025,Q+1 Reading Room,Loan,Book,Postgrad,1
E1698,2026-01-26,Brookfield Health Sciences,StudyRoomBooking,StudyRoom,External,1
E1946,20 Mar 2026,Brookfield Health Sciences,HelpDeskTicket,NA,Undergraduate,1
E2265,28/04/2026,Brookfield Health Sciences,Loan,Book,undergrad,1
E2068,2026-04-11,Q+1 Reading Room,HelpDeskTicket,NA,Staff,1
E1597,30/12/2025,Boole Basement,Loan,Journal,Undergrad,1
E2003,2026-04-01,Boole Basement,Loan,Laptop,Undergraduate,1
E1609,07/01/2026,Q+1 Reading Room,HelpDeskTicket,NA,Undergraduate,1
E1742,2026-02-03,Q+1 Reading Room,Footfall,NA,,225
E1082,19-09-2025,Brookfield Health Sciences,EResourceSession,EResource,Staff,1
E1343,2025-11-20,Boole Basement,StudyRoomBooking,StudyRoom,Undergrad,1
E2125,2026-04-15,Q+1 Reading Room,Return,Journal,Undergrad,1
E1071,2025-09-18,Boole Basement,Loan,Journal,UG,1
E2081,12 Apr 2026,Boole Basement,Footfall,NA,Undergrad,345
E1496,2025-12-10,Q+1 Reading Room,Loan,Book,Undergrad,1
E1017,04 Sep 2025,Boole Basement,Return,Laptop,Undergrad,1
E2156,18/04/2026,Boole Library,StudyRoomBooking,StudyRoom,Visitor,1
E2037,07/04/2026,Brookfield Health Sciences,Footfall,NA,staff,536
E1099,23 Sep 2025,Boole Basement,Loan,Book,undergrad,1
E1757,2026-02-07,Q+1 Reading Room,StudyRoomBooking,StudyRoom,Postgraduate,1
E1594,2025-12-29,Boole Library,EResourceSession,EResource,Ext,1
E1944,2026-03-19,Brookfield Health Sciences,Loan,Journal,Staff,1
E1274,03/11/2025,Brookfield Health Sciences,Return,Laptop,Ext,1
E2021,2026-04-03,Boole Basement,StudyRoomBooking,StudyRoom,PG,1
E2056,2026-04-10,Q+1 Reading Room,HelpDeskTicket,NA,undergraduate,1
E2109,2026-04-14,Q+1 Reading Room,Return,Journal,Undergrad,1
E1715,2026-01-28,Brookfield Health Sciences,Loan,Journal,undergrad,1
E1331,18 Nov 2025,Boole Library,Loan,Book,staff,1
E2024,2026-04-04,Q+1 Reading Room,EResourceSession,EResource,UG,1
E1893,2026-03-09,Boole Library,Return,Journal,Postgrad,1
E1718,29 Jan 2026,Brookfield Health Sciences,StudyRoomBooking,StudyRoom,PG,1
E1264,2025-10-30,Boole Basement,StudyRoomBooking,StudyRoom,undergraduate,1
E1077,18 Sep 2025,Boole Library,EResourceSession,EResource,postgraduate,1
E2167,2026-04-19,Q+1 Reading Room,Return,Laptop,Undergrad,1
E1835,2026-02-25,Q+1 Reading Room,EResourceSession,EResource,Undergrad,1
E1046,2025-09-12,Boole Basement,Loan,Book,UG,1
E1249,27-10-2025,Boole Basement,Loan,Laptop,Postgrad,1
E1510,2025-12-12,Brookfield Health Sciences,Footfall,NA,,391
E1319,2025-11-14,Boole Library,Loan,Book,,1
E2110,2026-04-14,Q+1 Reading Room,Loan,Book,PG,1
E1869,2026-03-05,Boole Basement,Footfall,NA,,216
E1670,20/01/2026,Boole Basement,Return,Book,External,1
E1422,04-12-2025,Q+1 Reading Room,Return,Book,undergraduate,1
E1368,2025-11-25,Brookfield Health Sciences,Return,Journal,staff,1
E1511,12/12/2025,Boole Library,Loan,Laptop,staff,1
E1770,2026-02-09,Q+1 Reading Room,StudyRoomBooking,StudyRoom,Undergrad,1
E1030,2025-09-08,Brookfield Health Sciences,Return,Laptop,Undergrad,1
E2259,2026-04-28,Boole Library,Footfall,NA,postgraduate,486
E1860,03-03-2026,Q+1 Reading Room,Loan,Journal,undergrad,1
E2239,2026-04-26,Brookfield Health Sciences,EResourceSession,EResource,,1
E1797,2026-02-16,Q+1 Reading Room,EResourceSession,EResource,undergraduate,1
E1833,24/02/2026,Boole Library,Loan,Book,undergrad,1
E1651,2026-01-16,Boole Library,StudyRoomBooking,StudyRoom,UG,1
E1584,22 Dec 2025,Q+1 Reading Room,Footfall,NA,Undergraduate,527
E1311,2025-11-12,Q+1 Reading Room,Loan,Laptop,undergrad,1
E1906,2026-03-12,Brookfield Health Sciences,Return,Journal,Postgraduate,1
E1752,06 Feb 2026,Boole Basement,EResourceSession,EResource,Undergrad,1
E1028,08/09/2025,Boole Basement,EResourceSession,EResource,Undergrad,1
E2157,2026-04-18,Boole Library,Footfall,NA,UG,612
E1634,2026-01-13,Brookfield Health Sciences,Footfall,NA,UG,333
E1866,2026-03-04,Q+1 Reading Room,Loan,Laptop,Undergrad,1
E1423,04/12/2025,Q+1 Reading Room,Loan,Journal,Undergrad,1
E1354,21-11-2025,Q+1 Reading Room,Return,Laptop,undergrad,1
E1683,22/01/2026,Brookfield Health Sciences,EResourceSession,EResource,undergraduate,1
E1818,19-02-2026,Boole Library,EResourceSession,EResource,staff,1
E1377,2025-11-27,Boole Library,EResourceSession,EResource,PG,1
E2113,14 Apr 2026,Boole Basement,EResourceSession,EResource,Postgraduate,1
E1756,2026-02-06,Boole Basement,EResourceSession,EResource,Undergrad,1
E1635,13-01-2026,Q+1 Reading Room,Footfall,NA,,294
E1638,2026-01-14,Boole Library,Footfall,NA,,559
E1899,11/03/2026,Q+1 Reading Room,StudyRoomBooking,StudyRoom,undergrad,1
E1825,2026-02-20,Boole Library,EResourceSession,EResource,undergrad,1
E1534,2025-12-14,Boole Basement,Loan,Journal,UG,1
E1615,2026-01-08,Q+1 Reading Room,EResourceSession,EResource,Undergrad,1
E1106,2025-09-25,Q+1 Reading Room,StudyRoomBooking,StudyRoom,undergrad,1
E1571,17-12-2025,Q+1 Reading Room,EResourceSession,EResource,Undergraduate,1
E1901,11 Mar 2026,Brookfield Health Sciences,Loan,Laptop,Postgraduate,1
E1370,2025-11-26,Boole Basement,Footfall,NA,undergrad,770
E1475,08-12-2025,Boole Library,Loan,Laptop,UG,1
E1962,24 Mar 2026,Boole Basement,StudyRoomBooking,StudyRoom,undergrad,1
E1248,2025-10-27,Boole Library,HelpDeskTicket,NA,Undergrad,1
E1953,2026-03-22,Brookfield Health Sciences,Return,Laptop,UG,1
E2012,02/04/2026,Q+1 Reading Room,StudyRoomBooking,StudyRoom,undergrad,1
E2145,2026-04-17,Q+1 Reading Room,EResourceSession,EResource,undergraduate,1
E2243,2026-04-26,Boole Library,EResourceSession,EResource,PG,1
E2098,2026-04-13,Q+1 Reading Room,EResourceSession,EResource,undergrad,1
E2072,11/04/2026,Boole Library,StudyRoomBooking,StudyRoom,STAFF,1
E2076,12/04/2026,Brookfield Health Sciences,Loan,Laptop,UG,1
E2222,2026-04-25,Brookfield Health Sciences,Return,Book,undergrad,1
E1062,2025-09-16,Boole Basement,StudyRoomBooking,StudyRoom,UG,1
E1524,14 Dec 2025,Boole Basement,Footfall,NA,UG,298
E1604,2026-01-05,Boole Basement,Return,Laptop,Postgraduate,1
E2260,2026-04-28,Brookfield Health Sciences,EResourceSession,EResource,Undergraduate,1
E2224,25-04-2026,Q+1 Reading Room,Loan,Book,PG,1
E1980,2026-03-27,Boole Basement,StudyRoomBooking,StudyRoom,undergraduate,1
E1834,2026-02-24,Boole Basement,StudyRoomBooking,StudyRoom,UG,1
E1707,27-01-2026,Brookfield Health Sciences,Loan,Journal,Postgraduate,1
E1807,2026-02-17,Boole Basement,EResourceSession,EResource,Undergrad,1
E2165,2026-04-19,Brookfield Health Sciences,EResourceSession,EResource,Undergrad,1
E2241,26 Apr 2026,Boole Library,Loan,Journal,staff,1
E1538,2025-12-15,Boole Library,EResourceSession,EResource,undergraduate,1
E1259,30/10/2025,Brookfield Health Sciences,StudyRoomBooking,StudyRoom,undergraduate,1
E1244,26 Oct 2025,Boole Library,EResourceSession,EResource,Undergraduate,1
E1181,11/10/2025,Q+1 Reading Room,StudyRoomBooking,StudyRoom,UG,1
E1847,28/02/2026,Q+1 Reading Room,Loan,Book,UG,1
E1918,2026-03-16,Boole Library,Loan,Journal,undergrad,1
E1317,13/11/2025,Q+1 Reading Room,EResourceSession,EResource,Visitor,1
E2179,20-04-2026,Brookfield Health Sciences,HelpDeskTicket,NA,Undergrad,1
E1334,2025-11-18,Q+1 Reading Room,Return,Journal,Undergraduate,1
E1027,08/09/2025,Brookfield Health Sciences,Loan,Journal,STAFF,1
E2124,2026-04-15,Q+1 Reading Room,Footfall,NA,,428
E1828,21/02/2026,Brookfield Health Sciences,EResourceSession,EResource,undergrad,1
E1725,31/01/2026,Boole Library,EResourceSession,EResource,Postgraduate,1
E2281,2026-04-30,Boole Library,Return,Book,undergraduate,1
E1153,05 Oct 2025,Brookfield Health Sciences,EResourceSession,EResource,Postgraduate,1
E1160,2025-10-06,Brookfield Health Sciences,Loan,Journal,undergrad,1
E2030,06/04/2026,Q+1 Reading Room,Return,Journal,Staff,1
E1267,2025-10-31,Brookfield Health Sciences,Return,Journal,undergrad,1
E1318,2025-11-13,Brookfield Health Sciences,EResourceSession,EResource,UG,1
E1685,22-01-2026,Brookfield Health Sciences,EResourceSession,EResource,Postgraduate,1
E1826,21/02/2026,Brookfield Health Sciences,HelpDeskTicket,NA,Undergrad,1
E1063,16/09/2025,Brookfield Health Sciences,Return,Laptop,Postgraduate,1
E1033,09-09-2025,Brookfield Health Sciences,Return,Journal,Undergraduate,1
E1971,2026-03-25,Boole Library,Return,Book,Undergraduate,1
E1239,2025-10-24,Boole Basement,Footfall,NA,,251
E1483,2025-12-09,Boole Library,Return,Laptop,postgraduate,1
E1959,2026-03-23,Boole Basement,Return,Book,Postgraduate,1
E2040,07 Apr 2026,Brookfield Health Sciences,EResourceSession,EResource,postgraduate,1
E2119,14/04/2026,Boole Basement,HelpDeskTicket,NA,Postgrad,1
E1912,2026-03-13,Boole Library,Footfall,NA,,307
E2120,15/04/2026,Boole Library,EResourceSession,EResource,STAFF,1
E1640,14-01-2026,Brookfield Health Sciences,Loan,Book,Postgrad,1
E1421,04/12/2025,Brookfield Health Sciences,HelpDeskTicket,NA,undergrad,1
E2132,16/04/2026,,Return,Laptop,undergrad,1
E1628,2026-01-12,Boole Library,StudyRoomBooking,StudyRoom,postgraduate,1
E2188,2026-04-21,Brookfield Health Sciences,StudyRoomBooking,StudyRoom,postgraduate,1
E2093,13/04/2026,Boole Basement,StudyRoomBooking,StudyRoom,Undergraduate,1
E1476,08 Dec 2025,Q+1 Reading Room,Footfall,NA,,591
E2240,2026-04-26,Boole Library,EResourceSession,EResource,postgraduate,1
E1232,22-10-2025,Q+1 Reading Room,Loan,Laptop,undergraduate,1
E1916,2026-03-16,Boole Library,HelpDeskTicket,NA,undergraduate,1
E1505,2025-12-11,,Loan,Laptop,Undergraduate,1
E1642,2026-01-14,Q+1 Reading Room,EResourceSession,EResource,Postgrad,1
E1073,2025-09-18,Boole Library,Loan,Book,undergrad,1
E2050,09/04/2026,Boole Basement,Footfall,NA,,178
E1425,2025-12-04,Boole Library,StudyRoomBooking,StudyRoom,undergrad,1
E1201,2025-10-15,Boole Library,Loan,Book,UG,1
E1543,15-12-2025,Boole Basement,Footfall,NA,,651
E1083,2025-09-19,Boole Basement,Loan,Journal,postgraduate,1
E1158,06/10/2025,Boole Library,Loan,Book,PG,1
E1701,26 Jan 2026,Brookfield Health Sciences,HelpDeskTicket,NA,undergraduate,1
E1144,03/10/2025,Q+1 Reading Room,StudyRoomBooking,StudyRoom,Postgraduate,1
E1283,04-11-2025,Boole Library,StudyRoomBooking,StudyRoom,Undergraduate,1
E1472,08/12/2025,Brookfield Health Sciences,Loan,Book,Ext,1
E2147,17 Apr 2026,Boole Library,StudyRoomBooking,StudyRoom,PG,1
E1437,2025-12-06,Brookfield Health Sciences,StudyRoomBooking,StudyRoom,PG,1
E1949,20/03/2026,Q+1 Reading Room,Footfall,NA,,403
E1235,2025-10-23,Brookfield Health Sciences,StudyRoomBooking,StudyRoom,Visitor,1
E1714,2026-01-28,Brookfield Health Sciences,StudyRoomBooking,StudyRoom,PG,1
E1484,2025-12-09,Boole Basement,HelpDeskTicket,NA,undergrad,1
E1891,09 Mar 2026,Q+1 Reading Room,EResourceSession,EResource,Undergrad,1
E1508,2025-12-12,Boole Library,Footfall,NA,,351
E1799,2026-02-16,Boole Basement,EResourceSession,EResource,Undergrad,1
E1765,09/02/2026,Brookfield Health Sciences,StudyRoomBooking,StudyRoom,Postgraduate,1
E2219,2026-04-24,Brookfield Health Sciences,EResourceSession,EResource,Undergrad,1
E1118,26 Sep 2025,Q+1 Reading Room,Loan,Journal,Undergraduate,1
E1733,02-02-2026,Brookfield Health Sciences,Loan,Book,Staff,1
E1808,18/02/2026,Boole Library,Return,Journal,Undergrad,1
E1877,2026-03-06,Q+1 Reading Room,Loan,Journal,Undergraduate,1
E1104,24/09/2025,Boole Library,EResourceSession,EResource,Undergrad,1
E1348,2025-11-21,Q+1 Reading Room,HelpDeskTicket,NA,Postgrad,1
E1314,13/11/2025,Q+1 Reading Room,Loan,Journal,undergraduate,1
E1401,2025-12-01,Boole Library,Loan,Book,Staff,1
E1226,2025-10-20,Q+1 Reading Room,Loan,Laptop,Postgraduate,1
E1365,2025-11-24,Q+1 Reading Room,Loan,Journal,undergraduate,1
E1347,20/11/2025,Boole Library,Loan,Laptop,PG,1
E1892,09/03/2026,Q+1 Reading Room,Loan,Journal,Undergraduate,1
E1195,2025-10-14,Brookfield Health Sciences,Return,Book,UG,1
E1461,2025-12-07,Brookfield Health Sciences,EResourceSession,EResource,Undergraduate,1
E2144,17/04/2026,Q+1 Reading Room,StudyRoomBooking,StudyRoom,Postgraduate,1
E1982,2026-03-27,Boole Library,EResourceSession,EResource,Postgrad,1
E1553,16-12-2025,Brookfield Health Sciences,Loan,Journal,UG,1
E1854,2026-03-02,Q+1 Reading Room,Loan,Laptop,Undergrad,1
E1090,21/09/2025,Q+1 Reading Room,EResourceSession,EResource,Ext,1
E1727,31/01/2026,Boole Basement,Return,Journal,postgraduate,1
E1378,2025-11-28,Boole Library,HelpDeskTicket,NA,Undergraduate,1
E2127,15/04/2026,Boole Basement,HelpDeskTicket,NA,STAFF,1
E1592,2025-12-28,Boole Basement,Footfall,NA,Postgrad,400
E1029,08/09/2025,Boole Library,Return,Book,Staff,1
E1402,2025-12-02,Brookfield Health Sciences,Footfall,NA,STAFF,673
E1150,2025-10-04,Q+1 Reading Room,Return,Book,UG,1
E1920,2026-03-16,Boole Library,Loan,Journal,PG,1
E1209,16-10-2025,Boole Library,StudyRoomBooking,StudyRoom,PG,1
E1896,2026-03-10,Q+1 Reading Room,Return,Laptop,undergrad,1
E2169,2026-04-19,Q+1 Reading Room,EResourceSession,EResource,postgraduate,1
E1749,04-02-2026,Brookfield Health Sciences,Return,Book,UG,1
E1042,11/09/2025,Boole Library,Loan,Laptop,PG,1
E2185,2026-04-20,Q+1 Reading Room,Loan,Laptop,Ext,1
E1188,2025-10-13,Boole Library,StudyRoomBooking,StudyRoom,Postgrad,1
E1450,2025-12-07,Brookfield Health Sciences,Return,Journal,PG,1
E2289,2026-05-01,Brookfield Health Sciences,EResourceSession,EResource,undergraduate,1
E2271,2026-04-29,Brookfield Health Sciences,Loan,Laptop,UG,1
E1487,2025-12-09,Boole Library,Loan,Laptop,Undergrad,1
E2154,18-04-2026,Boole Basement,EResourceSession,EResource,postgraduate,1
E1466,2025-12-07,Brookfield Health Sciences,Return,Book,Undergraduate,1
E1445,2025-12-06,Boole Library,Return,Journal,Undergrad,1
E2231,2026-04-25,Q+1 Reading Room,StudyRoomBooking,StudyRoom,Undergraduate,1
E2153,2026-04-18,Brookfield Health Sciences,EResourceSession,EResource,undergrad,1
E1486,09-12-2025,Boole Basement,HelpDeskTicket,NA,Undergrad,1
E1138,01/10/2025,Q+1 Reading Room,Footfall,NA,UG,436
E1068,2025-09-17,Q+1 Reading Room,StudyRoomBooking,StudyRoom,Staff,1
E1142,2025-10-02,Boole Basement,StudyRoomBooking,StudyRoom,undergraduate,1
E1075,18/09/2025,Q+1 Reading Room,StudyRoomBooking,StudyRoom,staff,1
E1327,17/11/2025,Q+1 Reading Room,Loan,Laptop,Undergrad,1
E1755,06/02/2026,Q+1 Reading Room,StudyRoomBooking,StudyRoom,Undergrad,1
E1985,29/03/2026,Boole Basement,EResourceSession,EResource,undergraduate,1
E2099,13/04/2026,Q+1 Reading Room,Loan,Journal,Postgraduate,1
E1532,2025-12-14,Q+1 Reading Room,EResourceSession,EResource,Staff,1
E2180,20/04/2026,Boole Library,StudyRoomBooking,StudyRoom,Postgraduate,1
E1114,2025-09-26,Q+1 Reading Room,Return,Journal,UG,1
E1087,20/09/2025,Boole Library,Footfall,NA,undergrad,189
E2044,07/04/2026,Brookfield Health Sciences,Loan,Journal,Postgrad,1
E1463,2025-12-07,Boole Library,Footfall,NA,Staff,399
E2150,18 Apr 2026,Boole Basement,Loan,Journal,Undergrad,1
E1151,2025-10-05,Boole Basement,Loan,Book,PG,1
E1859,03-03-2026,Q+1 Reading Room,Loan,Laptop,Postgraduate,1
E1469,08/12/2025,Boole Library,Return,Journal,postgraduate,1
E2139,16/04/2026,Brookfield Health Sciences,Return,Journal,undergrad,1
E1395,01 Dec 2025,Q+1 Reading Room,StudyRoomBooking,StudyRoom,Undergraduate,1
E1462,2025-12-07,Q+1 Reading Room,Loan,Journal,postgraduate,1
E1233,2025-10-22,Q+1 Reading Room,StudyRoomBooking,StudyRoom,undergraduate,1
E2226,25/04/2026,Q+1 Reading Room,StudyRoomBooking,StudyRoom,UG,1
E1004,2025-09-01,Boole Basement,HelpDeskTicket,NA,Undergrad,1
E1419,04/12/2025,Boole Library,StudyRoomBooking,StudyRoom,Undergrad,1
E1303,2025-11-10,Boole Library,Return,Journal,UG,1
E1599,2026-01-01,Boole Library,EResourceSession,EResource,undergrad,1
E1873,06/03/2026,Q+1 Reading Room,StudyRoomBooking,StudyRoom,Postgraduate,1
E1712,2026-01-28,Brookfield Health Sciences,Loan,Book,Undergrad,1
E1001,2025-09-01,Boole Library,Return,Laptop,undergraduate,1
E2121,15 Apr 2026,Boole Library,EResourceSession,EResource,External,1
E1722,29/01/2026,Brookfield Health Sciences,Loan,Journal,Undergraduate,1
E1697,2026-01-26,Boole Library,Loan,Journal,staff,1
E2134,2026-04-16,Boole Basement,Loan,Book,undergraduate,1
E2181,2026-04-20,Boole Library,StudyRoomBooking,StudyRoom,STAFF,1
E2058,2026-04-10,Brookfield Health Sciences,Footfall,NA,Undergraduate,284
E1680,22/01/2026,Boole Basement,Footfall,NA,,385
E1443,06/12/2025,Q+1 Reading Room,HelpDeskTicket,NA,Undergrad,1
E1840,26/02/2026,Boole Basement,Return,Journal,PG,1
E1224,2025-10-19,Brookfield Health Sciences,StudyRoomBooking,StudyRoom,Undergrad,1
E2163,2026-04-19,Boole Basement,Return,Book,undergraduate,1
E1426,04/12/2025,Boole Basement,Loan,Laptop,undergraduate,1
E1907,13/03/2026,Boole Basement,EResourceSession,EResource,Postgrad,1
E1823,20/02/2026,Boole Basement,Loan,Laptop,UG,1
E1555,16-12-2025,Q+1 Reading Room,Loan,Book,Undergrad,1
E1537,2025-12-14,Q+1 Reading Room,EResourceSession,EResource,undergraduate,1
E2223,2026-04-25,Brookfield Health Sciences,EResourceSession,EResource,undergrad,1
E1928,2026-03-17,Q+1 Reading Room,Loan,Laptop,,1
E1908,2026-03-13,Boole Basement,Loan,Laptop,Undergraduate,1
E1355,21/11/2025,Boole Library,EResourceSession,EResource,undergraduate,1
E2203,2026-04-22,Boole Library,Return,Journal,Postgrad,1
E1289,2025-11-06,Q+1 Reading Room,Loan,Laptop,External,1
E1983,2026-03-28,Boole Basement,EResourceSession,EResource,staff,1
E1148,2025-10-04,Brookfield Health Sciences,EResourceSession,EResource,UG,1
E1440,2025-12-06,Brookfield Health Sciences,StudyRoomBooking,StudyRoom,undergrad,1
E1356,22 Nov 2025,Q+1 Reading Room,EResourceSession,EResource,undergrad,1
E1140,2025-10-01,Brookfield Health Sciences,EResourceSession,EResource,UG,1
E1940,19/03/2026,Brookfield Health Sciences,EResourceSession,EResource,postgraduate,1
E1841,2026-02-26,Q+1 Reading Room,StudyRoomBooking,StudyRoom,Undergrad,1
E1994,2026-03-31,Q+1 Reading Room,Footfall,NA,,656
E1257,30-10-2025,Boole Library,Loan,Journal,STAFF,1
E2057,10 Apr 2026,Boole Library,Loan,Book,external,1
E1626,2026-01-11,Boole Library,EResourceSession,EResource,undergrad,1
E1247,2025-10-27,Boole Basement,Loan,Laptop,Postgraduate,1
E2193,2026-04-21,Boole Library,Return,Laptop,undergraduate,1
E2255,2026-04-27,Q+1 Reading Room,StudyRoomBooking,StudyRoom,Undergrad,1
E2245,2026-04-27,Q+1 Reading Room,Loan,Book,undergrad,1
E1591,27-12-2025,Q+1 Reading Room,EResourceSession,EResource,undergrad,1
E1887,2026-03-07,Boole Basement,Return,Book,Undergrad,1
E1229,2025-10-21,Boole Library,HelpDeskTicket,NA,undergrad,1
E1748,2026-02-04,Boole Library,StudyRoomBooking,StudyRoom,undergrad,1
E1177,2025-10-10,Boole Library,Footfall,NA,Undergrad,497
E1286,05/11/2025,Brookfield Health Sciences,Loan,Laptop,UG,1
E1821,2026-02-20,Brookfield Health Sciences,StudyRoomBooking,StudyRoom,UG,1
E1473,2025-12-08,Boole Library,Loan,Book,PG,1
E2174,2026-04-20,Brookfield Health Sciences,EResourceSession,EResource,undergrad,1
E1999,31 Mar 2026,Boole Basement,EResourceSession,EResource,staff,1
E1653,2026-01-16,Q+1 Reading Room,Return,Laptop,undergrad,1
E1430,05/12/2025,Boole Library,HelpDeskTicket,NA,Postgrad,1
E1942,19-03-2026,Q+1 Reading Room,Return,Laptop,undergrad,1
E1022,06-09-2025,Q+1 Reading Room,HelpDeskTicket,NA,undergrad,1
E1948,20/03/2026,Q+1 Reading Room,EResourceSession,EResource,undergrad,1
E1369,26 Nov 2025,Boole Basement,Loan,Laptop,Undergraduate,1
E2042,2026-04-07,Q+1 Reading Room,Loan,Journal,Undergrad,1
E1679,2026-01-22,Boole Library,HelpDeskTicket,NA,Postgraduate,1
E1515,13/12/2025,Boole Basement,Return,Book,staff,1
E1898,2026-03-10,Brookfield Health Sciences,Loan,Book,postgraduate,1
E2005,2026-04-01,Q+1 Reading Room,Loan,Book,Undergrad,1
E1154,2025-10-06,Q+1 Reading Room,HelpDeskTicket,NA,Ext,1
E1897,10/03/2026,Boole Basement,Loan,Journal,Postgrad,1
E1316,2025-11-13,Brookfield Health Sciences,Loan,Book,Visitor,1
E2011,02/04/2026,Q+1 Reading Room,Loan,Book,UG,1
E1038,10/09/2025,Boole Basement,StudyRoomBooking,StudyRoom,Undergraduate,1
E1050,13-09-2025,Q+1 Reading Room,Loan,Laptop,undergrad,1
E2128,2026-04-15,Boole Basement,Return,Journal,Postgrad,1
E1878,2026-03-06,Boole Basement,Footfall,NA,,241
E1098,2025-09-23,Brookfield Health Sciences,Loan,Book,undergraduate,1
E1777,2026-02-10,Brookfield Health Sciences,HelpDeskTicket,NA,staff,1
E1418,04 Dec 2025,Q+1 Reading Room,Footfall,NA,UG,504
E2052,2026-04-10,Brookfield Health Sciences,Footfall,NA,,457
E1652,16/01/2026,Boole Basement,StudyRoomBooking,StudyRoom,undergraduate,1
E1573,2025-12-17,Boole Library,Return,Laptop,undergrad,1
E1061,2025-09-16,Q+1 Reading Room,Footfall,NA,UG,318
E1308,2025-11-11,Brookfield Health Sciences,StudyRoomBooking,StudyRoom,undergrad,1
E2108,2026-04-14,Boole Library,StudyRoomBooking,StudyRoom,Postgraduate,1
E1322,15/11/2025,Boole Basement,EResourceSession,EResource,PG,1
E2078,2026-04-12,Boole Library,EResourceSession,EResource,PG,1
E1740,03/02/2026,,Loan,Laptop,undergraduate,1
E2071,11/04/2026,Q+1 Reading Room,Return,Book,staff,1
E1875,2026-03-06,,Footfall,NA,,378
E1299,2025-11-08,Q+1 Reading Room,StudyRoomBooking,StudyRoom,Undergrad,1
E2151,2026-04-18,Boole Basement,Loan,Book,Postgraduate,1
E1141,2025-10-01,Q+1 Reading Room,StudyRoomBooking,StudyRoom,postgraduate,1
E1570,2025-12-17,Q+1 Reading Room,Return,Journal,undergrad,1
E1576,17/12/2025,Boole Library,EResourceSession,EResource,UG,1
E1627,11/01/2026,Brookfield Health Sciences,StudyRoomBooking,StudyRoom,Visitor,1
E2175,20-04-2026,Boole Basement,Return,Journal,Undergrad,1
E1270,2025-11-01,Q+1 Reading Room,StudyRoomBooking,StudyRoom,UG,1
E2116,14 Apr 2026,Boole Basement,Return,Journal,Undergrad,1
E1945,2026-03-20,Brookfield Health Sciences,Loan,Laptop,undergraduate,1
E2263,2026-04-28,Brookfield Health Sciences,Footfall,NA,,454
E2155,2026-04-18,Q+1 Reading Room,EResourceSession,EResource,Postgraduate,1
E1414,03-12-2025,Boole Basement,Return,Book,external,1
E1738,2026-02-02,Boole Library,EResourceSession,EResource,undergrad,1
E2266,2026-04-28,Brookfield Health Sciences,Footfall,NA,,574
E2010,02/04/2026,Boole Basement,Return,Laptop,undergraduate,1
E1066,17/09/2025,Brookfield Health Sciences,Footfall,NA,,300
E2229,2026-04-25,Boole Library,EResourceSession,EResource,UG,1
E1394,01/12/2025,Boole Basement,Loan,Book,Undergraduate,1
E2235,26/04/2026,Boole Basement,Loan,Book,UG,1
E2158,18/04/2026,,EResourceSession,EResource,external,1
E2118,14/04/2026,Q+1 Reading Room,Return,Journal,Undergrad,1
E1342,20/11/2025,Boole Library,Loan,Book,Postgraduate,1
E2274,29/04/2026,Boole Basement,Loan,Book,UG,1
E1057,15 Sep 2025,Boole Basement,EResourceSession,EResource,undergrad,1
E2200,2026-04-22,Q+1 Reading Room,Loan,Book,Postgrad,1
E1171,2025-10-09,Boole Library,Footfall,NA,Undergraduate,379
E1924,2026-03-17,Brookfield Health Sciences,Return,Book,undergrad,1
E2205,2026-04-23,Q+1 Reading Room,Loan,Book,UG,1
E1562,16/12/2025,Brookfield Health Sciences,Footfall,NA,,235
E1094,2025-09-23,Q+1 Reading Room,Loan,Journal,Staff,1
E1862,04/03/2026,Boole Library,StudyRoomBooking,StudyRoom,undergrad,1
E1051,13-09-2025,Brookfield Health Sciences,EResourceSession,EResource,Staff,1
E1310,2025-11-11,Boole Library,StudyRoomBooking,StudyRoom,undergrad,1
E1465,2025-12-07,Q+1 Reading Room,Loan,Laptop,Staff,1
E2160,18/04/2026,Q+1 Reading Room,EResourceSession,EResource,Undergraduate,1
E1241,24/10/2025,Q+1 Reading Room,Loan,Journal,staff,1
E1744,03/02/2026,Brookfield Health Sciences,Footfall,NA,PG,283
E1108,2025-09-25,Boole Library,HelpDeskTicket,NA,undergraduate,1
E2095,2026-04-13,Boole Basement,EResourceSession,EResource,Postgrad,1
E1824,20-02-2026,Boole Basement,Loan,Journal,Undergraduate,1
E1338,2025-11-19,Q+1 Reading Room,StudyRoomBooking,StudyRoom,staff,1
E2141,2026-04-16,Brookfield Health Sciences,Return,Laptop,UG,1
E2135,2026-04-16,Brookfield Health Sciences,Loan,Book,undergrad,1
E1951,2026-03-21,Brookfield Health Sciences,EResourceSession,EResource,UG,1
E1517,2025-12-13,Brookfield Health Sciences,EResourceSession,EResource,undergrad,1
E1024,2025-09-07,Boole Library,Return,Journal,Undergrad,1
E2140,16/04/2026,Brookfield Health Sciences,Return,Book,postgraduate,1
E2253,2026-04-27,Boole Library,Loan,Book,Postgraduate,1
E1614,08/01/2026,,Return,Laptop,STAFF,1
E2038,2026-04-07,Boole Basement,Loan,Journal,Postgrad,1
E1863,04/03/2026,Boole Library,StudyRoomBooking,StudyRoom,Postgrad,1
E1672,2026-01-20,Brookfield Health Sciences,Return,Journal,undergrad,1
E1482,2025-12-09,Brookfield Health Sciences,Return,Journal,PG,1
E2130,16-04-2026,Boole Basement,Footfall,NA,,388
E1779,2026-02-11,Boole Library,Loan,Book,Staff,1
E1861,03/03/2026,Brookfield Health Sciences,Loan,Laptop,Undergrad,1
E1056,2025-09-14,Boole Library,Return,Book,undergrad,1
E1155,06/10/2025,Boole Basement,Loan,Laptop,UG,1
E1811,18/02/2026,Boole Basement,EResourceSession,EResource,Postgraduate,1
E1329,2025-11-17,Q+1 Reading Room,EResourceSession,EResource,undergraduate,1
E1695,2026-01-26,Boole Library,StudyRoomBooking,StudyRoom,Visitor,1
E1848,2026-02-28,Q+1 Reading Room,Return,Journal,undergrad,1
E1031,2025-09-09,Boole Library,Loan,Book,Undergrad,1
E2016,03/04/2026,Brookfield Health Sciences,HelpDeskTicket,NA,Undergrad,1
E1968,25/03/2026,Boole Basement,EResourceSession,EResource,Undergraduate,1
E1675,21/01/2026,Boole Library,HelpDeskTicket,NA,Postgraduate,1
E1787,13/02/2026,Q+1 Reading Room,EResourceSession,EResource,Undergrad,1
E2131,16-04-2026,Brookfield Health Sciences,HelpDeskTicket,NA,UG,1
E1780,2026-02-11,Boole Basement,Return,Journal,STAFF,1
E1417,2025-12-04,Q+1 Reading Room,Footfall,NA,Undergrad,497
E1389,2025-12-01,Q+1 Reading Room,Return,Laptop,Undergrad,1
E2190,21-04-2026,Boole Basement,HelpDeskTicket,NA,Postgrad,1
E2191,21/04/2026,Q+1 Reading Room,EResourceSession,EResource,Undergrad,1
E1204,15-10-2025,Boole Basement,Footfall,NA,,321
E2043,07/04/2026,Boole Basement,Footfall,NA,,207
E1436,2025-12-06,Boole Basement,Loan,Laptop,Undergrad,1
E1793,15 Feb 2026,Brookfield Health Sciences,EResourceSession,EResource,undergrad,1
E2035,06 Apr 2026,Q+1 Reading Room,StudyRoomBooking,StudyRoom,Postgrad,1
E1791,14/02/2026,Boole Basement,Return,Journal,UG,1
E1039,2025-09-10,Brookfield Health Sciences,Loan,Laptop,postgraduate,1
E1410,02-12-2025,Q+1 Reading Room,HelpDeskTicket,NA,PG,1
E1135,2025-10-01,Brookfield Health Sciences,StudyRoomBooking,StudyRoom,undergraduate,1
E1123,2025-09-28,Boole Basement,Footfall,NA,,554
E1721,29/01/2026,Q+1 Reading Room,Return,Book,UG,1
E1152,05 Oct 2025,Boole Basement,Loan,Laptop,Postgraduate,1
E1193,2025-10-14,Q+1 Reading Room,Loan,Laptop,UG,1
E1976,2026-03-26,Boole Library,Return,Journal,Staff,1
E1726,2026-01-31,Q+1 Reading Room,Return,Laptop,Undergrad,1
E1105,25/09/2025,Q+1 Reading Room,Return,Laptop,External,1
E1485,09/12/2025,Brookfield Health Sciences,Footfall,NA,,459
E2062,2026-04-11,Q+1 Reading Room,Return,Book,Postgraduate,1
E1886,07/03/2026,Boole Basement,Footfall,NA,,532
E1870,2026-03-05,Boole Library,Loan,Laptop,UG,1
E1269,2025-11-01,Brookfield Health Sciences,Loan,Book,STAFF,1
E2214,2026-04-24,Brookfield Health Sciences,EResourceSession,EResource,Postgraduate,1
E1287,06 Nov 2025,Boole Basement,Footfall,NA,UG,593
E1658,2026-01-17,Boole Library,EResourceSession,EResource,Undergrad,1
E1191,14-10-2025,Boole Library,Footfall,NA,,778
E1820,20/02/2026,Boole Library,EResourceSession,EResource,UG,1
E1156,2025-10-06,Brookfield Health Sciences,Return,Journal,PG,1
E2209,23-04-2026,Q+1 Reading Room,Loan,Journal,undergrad,1
E1554,16-12-2025,Q+1 Reading Room,Footfall,NA,Undergrad,587
E1991,30-03-2026,Brookfield Health Sciences,HelpDeskTicket,NA,undergraduate,1
E1497,10 Dec 2025,Q+1 Reading Room,Loan,Book,UG,1
E2137,16-04-2026,Boole Basement,Return,Laptop,Undergrad,1
E2047,2026-04-08,Brookfield Health Sciences,Loan,Journal,postgraduate,1
E2126,2026-04-15,Q+1 Reading Room,Footfall,NA,,711
E1593,29-12-2025,Boole Basement,Footfall,NA,Postgraduate,429
E1008,02/09/2025,Boole Library,Loan,Laptop,UG,1
E1439,06/12/2025,Q+1 Reading Room,StudyRoomBooking,StudyRoom,undergrad,1
E1350,21/11/2025,Boole Library,EResourceSession,EResource,PG,1
E1053,2025-09-14,Boole Library,Loan,Journal,Postgrad,1
E1868,05/03/2026,Boole Basement,Loan,Laptop,undergraduate,1
E2287,01 May 2026,Brookfield Health Sciences,HelpDeskTicket,NA,undergraduate,1
E1512,2025-12-12,Boole Basement,StudyRoomBooking,StudyRoom,UG,1
E1352,21-11-2025,Boole Library,Loan,Book,UG,1
E1611,2026-01-07,Boole Library,StudyRoomBooking,StudyRoom,Postgrad,1
E2136,2026-04-16,Boole Basement,Loan,Laptop,PG,1
E1021,06/09/2025,Brookfield Health Sciences,StudyRoomBooking,StudyRoom,undergrad,1
E2055,10/04/2026,Brookfield Health Sciences,Loan,Book,STAFF,1
E1804,2026-02-17,Boole Library,Loan,Laptop,UG,1
E1134,01-10-2025,Q+1 Reading Room,StudyRoomBooking,StudyRoom,Undergrad,1
E1764,2026-02-09,Brookfield Health Sciences,Loan,Book,,1
E1513,12 Dec 2025,Brookfield Health Sciences,Return,Book,Undergrad,1
E1843,26/02/2026,Boole Library,EResourceSession,EResource,PG,1
E1332,18/11/2025,Q+1 Reading Room,HelpDeskTicket,NA,External,1
E2168,19/04/2026,Boole Library,Loan,Book,staff,1
E1664,19/01/2026,Boole Library,Return,Book,Undergrad,1
E1849,01/03/2026,Brookfield Health Sciences,Loan,Journal,Postgrad,1
E2103,2026-04-14,Boole Library,Return,Book,Undergraduate,1
E1583,21/12/2025,Boole Basement,EResourceSession,EResource,Undergraduate,1
E1121,27-09-2025,Boole Library,Return,Laptop,Visitor,1
E1272,2025-11-02,Brookfield Health Sciences,EResourceSession,EResource,Undergraduate,1
E2218,24-04-2026,Boole Library,Loan,Book,undergraduate,1
E1883,06 Mar 2026,Boole Library,HelpDeskTicket,NA,postgraduate,1
E1164,2025-10-08,Brookfield Health Sciences,Footfall,NA,,667
E1032,09 Sep 2025,Brookfield Health Sciences,Footfall,NA,Undergrad,473
E1339,2025-11-19,Q+1 Reading Room,StudyRoomBooking,StudyRoom,PG,1
E2079,12-04-2026,Brookfield Health Sciences,Return,Book,Staff,1
E2244,27-04-2026,Q+1 Reading Room,HelpDeskTicket,NA,undergrad,1
E1669,2026-01-20,Q+1 Reading Room,Footfall,NA,,368
E1041,11-09-2025,Boole Basement,Loan,Journal,Undergrad,1
E1291,2025-11-06,Boole Library,Footfall,NA,undergrad,586
E1687,2026-01-23,Boole Basement,Return,Journal,Postgrad,1
E1113,2025-09-26,Q+1 Reading Room,Loan,Laptop,PG,1
E1203,2025-10-15,Brookfield Health Sciences,StudyRoomBooking,StudyRoom,External,1
E1856,03-03-2026,Brookfield Health Sciences,StudyRoomBooking,StudyRoom,PG,1
E1629,12-01-2026,Brookfield Health Sciences,Return,Laptop,undergraduate,1
E1974,26/03/2026,Q+1 Reading Room,StudyRoomBooking,StudyRoom,Ext,1
E1688,2026-01-23,Boole Basement,EResourceSession,EResource,UG,1
E1884,07-03-2026,Brookfield Health Sciences,Return,Journal,postgraduate,1
E1910,2026-03-13,Boole Library,Footfall,NA,Postgrad,644
E1939,2026-03-19,Boole Library,Footfall,NA,,565
E2213,2026-04-24,Q+1 Reading Room,Loan,Laptop,undergrad,1
E1111,25/09/2025,Brookfield Health Sciences,Loan,Journal,UG,1
E1830,2026-02-23,Boole Basement,Loan,Book,Undergrad,1
E1947,2026-03-20,Boole Library,Return,Book,Undergrad,1
E1186,2025-10-13,Q+1 Reading Room,Loan,Journal,Undergrad,1
E1732,2026-02-01,Boole Basement,Footfall,NA,postgraduate,613
E1373,27/11/2025,Brookfield Health Sciences,EResourceSession,EResource,Postgraduate,1
E2217,24/04/2026,Boole Basement,Loan,Laptop,UG,1
E1383,29-11-2025,Boole Library,Return,Book,Undergrad,1
E1404,2025-12-02,Boole Library,HelpDeskTicket,NA,undergrad,1
E1481,09/12/2025,Q+1 Reading Room,Return,Laptop,Visitor,1
E1792,2026-02-15,Q+1 Reading Room,HelpDeskTicket,NA,postgraduate,1
E1256,2025-10-29,Boole Basement,StudyRoomBooking,StudyRoom,Staff,1
E2111,2026-04-14,Brookfield Health Sciences,Loan,Laptop,Postgraduate,1
E2008,02-04-2026,Boole Library,StudyRoomBooking,StudyRoom,UG,1
E1639,14-01-2026,Boole Library,Footfall,NA,,621
E1784,2026-02-12,Brookfield Health Sciences,Footfall,NA,,416
E1420,2025-12-04,Brookfield Health Sciences,Return,Laptop,Staff,1
E2216,2026-04-24,Boole Library,Return,Book,PG,1
E1911,13/03/2026,Brookfield Health Sciences,StudyRoomBooking,StudyRoom,Undergraduate,1
E1776,2026-02-10,Brookfield Health Sciences,HelpDeskTicket,NA,undergraduate,1
E1783,2026-02-11,Q+1 Reading Room,Loan,Book,PG,1
E1202,15/10/2025,Q+1 Reading Room,Return,Journal,Undergrad,1
E1503,2025-12-11,Brookfield Health Sciences,StudyRoomBooking,StudyRoom,Undergrad,1
E2204,23/04/2026,,Loan,Laptop,Undergrad,1
E1103,2025-09-24,Q+1 Reading Room,Return,Book,Undergrad,1
E1751,2026-02-05,Boole Library,Loan,Laptop,Undergraduate,1
E1363,2025-11-24,Boole Library,EResourceSession,EResource,Undergraduate,1
E2262,28/04/2026,Brookfield Health Sciences,Return,Journal,Undergrad,1
E1190,2025-10-13,Q+1 Reading Room,Loan,Laptop,Undergraduate,1
E1358,22/11/2025,Boole Library,HelpDeskTicket,NA,undergrad,1
E1921,16-03-2026,Q+1 Reading Room,Loan,Book,Undergraduate,1
E1109,2025-09-25,Q+1 Reading Room,Loan,Laptop,undergraduate,1
E2034,06/04/2026,Boole Basement,Loan,Laptop,UG,1
E1900,2026-03-11,Boole Library,HelpDeskTicket,NA,UG,1
E1336,19/11/2025,Q+1 Reading Room,Loan,Journal,undergrad,1
E1471,08/12/2025,Boole Library,Return,Journal,UG,1
E2288,2026-05-01,Boole Library,Loan,Journal,undergraduate,1
E2195,2026-04-21,Q+1 Reading Room,Return,Book,Undergrad,1
E1364,2025-11-24,Boole Basement,StudyRoomBooking,StudyRoom,Undergraduate,1
E1706,2026-01-27,Q+1 Reading Room,StudyRoomBooking,StudyRoom,PG,1
E1499,2025-12-10,Q+1 Reading Room,Footfall,NA,UG,421
E2091,13 Apr 2026,Boole Basement,HelpDeskTicket,NA,undergraduate,1
E2004,01 Apr 2026,Q+1 Reading Room,HelpDeskTicket,NA,undergrad,1
E1036,2025-09-10,Boole Library,StudyRoomBooking,StudyRoom,undergrad,1
E1735,2026-02-02,Brookfield Health Sciences,StudyRoomBooking,StudyRoom,PG,1
E1774,10 Feb 2026,Boole Basement,EResourceSession,EResource,Postgrad,1
E1222,19-10-2025,Boole Basement,Loan,Book,Undergrad,1
E1950,2026-03-20,Boole Basement,Return,Book,UG,1
E1582,21/12/2025,Brookfield Health Sciences,EResourceSession,EResource,undergrad,1
E1646,15/01/2026,Boole Library,Loan,Book,undergrad,1
E1002,2025-09-01,Boole Basement,Loan,Book,Postgraduate,1
E2162,2026-04-19,Boole Library,Loan,Book,undergraduate,1
E1271,2025-11-01,Boole Basement,StudyRoomBooking,StudyRoom,Postgraduate,1
E2090,2026-04-13,Q+1 Reading Room,StudyRoomBooking,StudyRoom,Postgrad,1
E1494,10/12/2025,Boole Basement,Loan,Laptop,undergrad,1
E1864,2026-03-04,Boole Library,EResourceSession,EResource,UG,1
E1297,2025-11-08,Boole Library,EResourceSession,EResource,Undergrad,1
E1927,17/03/2026,Q+1 Reading Room,Return,Journal,undergraduate,1
E1552,2025-12-16,Boole Library,StudyRoomBooking,StudyRoom,UG,1
E1736,2026-02-02,Boole Library,Loan,Journal,,1
E1346,20 Nov 2025,Q+1 Reading Room,Loan,Laptop,UG,1
E2036,07-04-2026,Q+1 Reading Room,Return,Journal,Undergrad,1
E1382,2025-11-28,Boole Basement,Return,Journal,undergraduate,1
E1766,2026-02-09,Brookfield Health Sciences,Return,Book,STAFF,1
E1812,18 Feb 2026,Q+1 Reading Room,StudyRoomBooking,StudyRoom,Ext,1
E1507,12-12-2025,Boole Library,Return,Laptop,Undergraduate,1
E1851,02-03-2026,Q+1 Reading Room,Return,Laptop,,1
E2206,2026-04-23,Q+1 Reading Room,Loan,Laptop,Postgrad,1
E2275,29/04/2026,Q+1 Reading Room,Loan,Book,UG,1
E1526,2025-12-14,Boole Basement,Footfall,NA,,397
E1136,01/10/2025,Q+1 Reading Room,StudyRoomBooking,StudyRoom,Ext,1
E1375,2025-11-27,Q+1 Reading Room,HelpDeskTicket,NA,Undergraduate,1
E1850,2026-03-02,Brookfield Health Sciences,StudyRoomBooking,StudyRoom,undergrad,1
E1783,2026-02-11,Q+1 Reading Room,Loan,Book,PG,1
E1984,2026-03-28,Boole Basement,EResourceSession,EResource,STAFF,1
E1536,2025-12-14,Q+1 Reading Room,EResourceSession,EResource,Undergraduate,1
E1172,2025-10-09,Boole Basement,EResourceSession,EResource,undergraduate,1
E1459,07/12/2025,Boole Basement,Footfall,NA,,180
E1621,09/01/2026,Boole Basement,Footfall,NA,,588
E1043,11 Sep 2025,Brookfield Health Sciences,EResourceSession,EResource,Undergrad,1
E1734,02/02/2026,Q+1 Reading Room,StudyRoomBooking,StudyRoom,undergrad,1
E1540,15/12/2025,Q+1 Reading Room,EResourceSession,EResource,postgraduate,1
E1677,2026-01-22,Q+1 Reading Room,Return,Journal,undergrad,1
E1250,2025-10-27,Boole Basement,Return,Book,undergrad,1
E1762,2026-02-08,Brookfield Health Sciences,EResourceSession,EResource,postgraduate,1
E1547,2025-12-16,Boole Library,Loan,Laptop,undergraduate,1
E1936,19/03/2026,Brookfield Health Sciences,Return,Laptop,Undergraduate,1
E1007,2025-09-02,Q+1 Reading Room,HelpDeskTicket,NA,Postgrad,1
E1194,2025-10-14,Q+1 Reading Room,HelpDeskTicket,NA,Undergrad,1
E1631,2026-01-13,Q+1 Reading Room,EResourceSession,EResource,Staff,1
E2230,2026-04-25,Boole Library,EResourceSession,EResource,undergrad,1
E1954,2026-03-22,Brookfield Health Sciences,Footfall,NA,,466
E1957,23/03/2026,Q+1 Reading Room,EResourceSession,EResource,external,1
E1545,15/12/2025,Boole Basement,HelpDeskTicket,NA,undergrad,1
E1699,26/01/2026,Q+1 Reading Room,Footfall,NA,,627
E2148,2026-04-17,Brookfield Health Sciences,Loan,Book,UG,1
E2202,22-04-2026,Boole Library,Loan,Journal,postgraduate,1
E2087,2026-04-12,Q+1 Reading Room,EResourceSession,EResource,Undergraduate,1
E1139,01-10-2025,Boole Library,Loan,Journal,UG,1
E1520,2025-12-13,Q+1 Reading Room,Loan,Laptop,undergrad,1
E2268,29/04/2026,Brookfield Health Sciences,Footfall,NA,,336
E1434,2025-12-06,Q+1 Reading Room,Footfall,NA,,591
E1790,13/02/2026,Boole Library,StudyRoomBooking,StudyRoom,External,1
E1504,11 Dec 2025,Brookfield Health Sciences,HelpDeskTicket,NA,undergraduate,1
E1567,17/12/2025,Q+1 Reading Room,Footfall,NA,,390
E2091,13 Apr 2026,Boole Basement,HelpDeskTicket,NA,undergraduate,1
E1903,2026-03-11,Brookfield Health Sciences,StudyRoomBooking,StudyRoom,Staff,1
E1058,2025-09-15,Boole Library,Loan,Journal,UG,1
E1589,2025-12-25,Brookfield Health Sciences,Return,Journal,Undergrad,1
E1169,08/10/2025,Boole Library,Loan,Journal,Undergraduate,1
E1095,23/09/2025,Q+1 Reading Room,StudyRoomBooking,StudyRoom,Undergraduate,1
E1245,2025-10-26,Brookfield Health Sciences,Footfall,NA,,234
E1078,18/09/2025,Brookfield Health Sciences,StudyRoomBooking,StudyRoom,Postgrad,1
E1081,2025-09-19,Boole Library,EResourceSession,EResource,UG,1
E1649,2026-01-15,Boole Library,HelpDeskTicket,NA,Undergraduate,1
E1092,2025-09-22,Q+1 Reading Room,EResourceSession,EResource,Undergraduate,1
E1880,2026-03-06,Brookfield Health Sciences,EResourceSession,EResource,postgraduate,1
E1889,08/03/2026,Q+1 Reading Room,StudyRoomBooking,StudyRoom,undergrad,1
E1720,29 Jan 2026,Brookfield Health Sciences,Return,Laptop,undergraduate,1
E2189,21/04/2026,Q+1 Reading Room,Loan,Book,PG,1
E1650,16-01-2026,Boole Library,Loan,Journal,undergraduate,1
E2080,2026-04-12,Boole Basement,Loan,Laptop,Postgraduate,1
E1234,23-10-2025,Boole Basement,Return,Journal,undergraduate,1
E1533,14 Dec 2025,Boole Basement,EResourceSession,EResource,postgraduate,1
E1438,2025-12-06,Q+1 Reading Room,EResourceSession,EResource,Undergrad,1
E1282,2025-11-04,Brookfield Health Sciences,Loan,Journal,undergraduate,1
E2177,2026-04-20,Boole Basement,Loan,Journal,Postgraduate,1
E1514,13/12/2025,Boole Library,EResourceSession,EResource,Undergraduate,1
E1479,09/12/2025,Boole Basement,Loan,Book,undergraduate,1
E1362,2025-11-23,Boole Basement,StudyRoomBooking,StudyRoom,Undergrad,1
E1449,06 Dec 2025,Boole Library,Loan,Laptop,Undergrad,1
E1187,2025-10-13,Q+1 Reading Room,Footfall,NA,undergraduate,370
E1468,2025-12-08,Q+1 Reading Room,Return,Book,Undergrad,1
E1723,2026-01-30,Boole Basement,EResourceSession,EResource,Undergraduate,1
E1428,05 Dec 2025,Brookfield Health Sciences,StudyRoomBooking,StudyRoom,Ext,1
E1623,2026-01-10,Boole Basement,EResourceSession,EResource,staff,1
E1760,08/02/2026,Boole Library,Loan,Book,PG,1
E2249,2026-04-27,Brookfield Health Sciences,StudyRoomBooking,StudyRoom,UG,1
E1724,2026-01-30,Brookfield Health Sciences,Loan,Journal,Postgrad,1
E1379,2025-11-28,Q+1 Reading Room,Loan,Journal,postgraduate,1
E2112,14 Apr 2026,Q+1 Reading Room,Loan,Book,staff,1
E1054,2025-09-14,Brookfield Health Sciences,Loan,Book,Postgraduate,1
E1273,2025-11-02,Boole Basement,StudyRoomBooking,StudyRoom,undergrad,1
E1581,2025-12-20,Boole Library,StudyRoomBooking,StudyRoom,External,1
E1786,2026-02-12,Q+1 Reading Room,EResourceSession,EResource,external,1
E1836,2026-02-25,Q+1 Reading Room,Loan,Laptop,Undergraduate,1
E1129,2025-09-30,Boole Basement,HelpDeskTicket,NA,Undergrad,1
E2208,2026-04-23,Boole Library,StudyRoomBooking,StudyRoom,UG,1
E1159,2025-10-06,Brookfield Health Sciences,Loan,Laptop,Undergraduate,1
E2053,2026-04-10,Boole Basement,StudyRoomBooking,StudyRoom,PG,1
E1525,2025-12-14,Q+1 Reading Room,EResourceSession,EResource,Postgraduate,1
E1703,2026-01-27,Boole Basement,Loan,Book,Undergraduate,1
E1009,2025-09-02,Brookfield Health Sciences,Footfall,NA,,572
E1265,2025-10-31,Boole Library,HelpDeskTicket,NA,UG,1
E1130,2025-09-30,Q+1 Reading Room,EResourceSession,EResource,Undergraduate,1
E1606,05-01-2026,Q+1 Reading Room,Loan,Book,postgraduate,1
E1488,2025-12-10,Q+1 Reading Room,EResourceSession,EResource,Visitor,1
E1412,02/12/2025,Boole Library,StudyRoomBooking,StudyRoom,Undergraduate,1
E1608,07/01/2026,Boole Library,Footfall,NA,,387
E1905,2026-03-12,Q+1 Reading Room,Footfall,NA,Postgrad,9999
E1805,17 Feb 2026,Boole Library,StudyRoomBooking,StudyRoom,UG,1
E1694,26-01-2026,Boole Basement,Loan,Laptop,PG,1
E2221,25/04/2026,Brookfield Health Sciences,Loan,Laptop,undergraduate,1
E1353,21/11/2025,Q+1 Reading Room,HelpDeskTicket,NA,undergraduate,1
E1926,17/03/2026,Brookfield Health Sciences,Footfall,NA,postgraduate,514
E1398,01/12/2025,Boole Basement,EResourceSession,EResource,Postgrad,1
E1325,16/11/2025,Boole Basement,StudyRoomBooking,StudyRoom,Visitor,1
E1174,09/10/2025,Brookfield Health Sciences,EResourceSession,EResource,undergrad,1
E1049,13-09-2025,Brookfield Health Sciences,Loan,Laptop,Undergrad,1
E1872,2026-03-05,Boole Library,Loan,Journal,Postgraduate,1
E2198,22/04/2026,Boole Library,EResourceSession,EResource,Undergrad,1
E1277,03/11/2025,Q+1 Reading Room,Return,Laptop,UG,1
E1564,16 Dec 2025,Brookfield Health Sciences,EResourceSession,EResource,STAFF,1
E1288,06 Nov 2025,Brookfield Health Sciences,Return,Journal,Ext,1
E1965,24-03-2026,Boole Basement,EResourceSession,EResource,Undergraduate,1
E1952,22/03/2026,Brookfield Health Sciences,Footfall,NA,undergraduate,423
E1357,2025-11-22,Boole Basement,Loan,Laptop,Undergraduate,1
E1541,2025-12-15,Brookfield Health Sciences,Return,Laptop,Undergrad,1
E1097,2025-09-23,Boole Basement,Footfall,NA,undergrad,382
E2025,2026-04-04,Boole Basement,Loan,Journal,PG,1
E1602,2026-01-03,Boole Library,HelpDeskTicket,NA,undergrad,1
E1313,13 Nov 2025,Boole Library,Return,Journal,Undergrad,1
E1745,04 Feb 2026,Boole Library,Loan,Laptop,Visitor,1
E1539,15/12/2025,Brookfield Health Sciences,Return,Journal,undergraduate,1
E2129,2026-04-15,Boole Library,HelpDeskTicket,NA,Undergrad,1
E2117,2026-04-14,Boole Library,Return,Journal,undergrad,1
E2031,06/04/2026,Brookfield Health Sciences,EResourceSession,EResource,PG,1
E1387,30/11/2025,Brookfield Health Sciences,Footfall,NA,Undergrad,5200
E1227,21/10/2025,Boole Basement,StudyRoomBooking,StudyRoom,postgraduate,1
E1386,29/11/2025,Brookfield Health Sciences,Footfall,NA,,567
E1100,2025-09-23,Boole Library,EResourceSession,EResource,UG,1
E1010,2025-09-03,Boole Library,Loan,Book,UG,1
E2242,2026-04-26,Q+1 Reading Room,EResourceSession,EResource,PG,1
E1231,22/10/2025,Boole Basement,Loan,Book,Postgrad,1
E1149,04-10-2025,Boole Library,Footfall,NA,postgraduate,430
E1279,03/11/2025,Boole Basement,StudyRoomBooking,StudyRoom,,1
E1341,2025-11-19,Brookfield Health Sciences,EResourceSession,EResource,undergraduate,1
E1371,26/11/2025,Brookfield Health Sciences,Return,Laptop,Staff,1
E2006,01-04-2026,Q+1 Reading Room,Footfall,NA,,574
E2092,13/04/2026,Boole Library,StudyRoomBooking,StudyRoom,Undergrad,1
E1337,19/11/2025,Brookfield Health Sciences,Loan,Journal,Undergraduate,1
E1067,2025-09-17,Q+1 Reading Room,Footfall,NA,Undergrad,424
E1416,2025-12-04,Boole Basement,Return,Laptop,Staff,1
E1561,16/12/2025,Q+1 Reading Room,HelpDeskTicket,NA,Undergraduate,1
E2246,2026-04-27,Boole Library,Return,Laptop,Ext,1
E1112,26-09-2025,Brookfield Health Sciences,Loan,Book,undergraduate,1
E2227,25/04/2026,Brookfield Health Sciences,StudyRoomBooking,StudyRoom,undergrad,1
E2256,27-04-2026,Brookfield Health Sciences,Footfall,NA,,376
E1276,2025-11-03,Boole Basement,StudyRoomBooking,StudyRoom,undergrad,1
E1079,19/09/2025,Q+1 Reading Room,Return,Journal,UG,1
E1253,28/10/2025,Q+1 Reading Room,Footfall,NA,,455
E1618,09/01/2026,Boole Library,EResourceSession,EResource,Postgraduate,1
E1026,2025-09-07,Brookfield Health Sciences,Footfall,NA,,365
E2115,2026-04-14,Q+1 Reading Room,Loan,Journal,undergrad,1
E1967,25 Mar 2026,Boole Library,Loan,Laptop,undergrad,1
E2059,2026-04-10,Q+1 Reading Room,Loan,Journal,staff,1
E1323,2025-11-16,Boole Basement,Return,Journal,undergrad,1
E1157,2025-10-06,Brookfield Health Sciences,Loan,Laptop,STAFF,1
E2046,08 Apr 2026,Boole Basement,EResourceSession,EResource,Undergraduate,1
E1844,27 Feb 2026,Q+1 Reading Room,Return,Book,postgraduate,1
E1619,2026-01-09,Boole Basement,Footfall,NA,undergraduate,581
E1523,2025-12-14,Boole Library,Footfall,NA,PG,616
E1663,19/01/2026,Boole Basement,Footfall,NA,External,285
E1895,09-03-2026,Boole Basement,Footfall,NA,,9999
E1577,2025-12-17,Boole Basement,EResourceSession,EResource,UG,1
E2273,29/04/2026,Boole Library,Return,Journal,Undergraduate,1
E1731,01-02-2026,Brookfield Health Sciences,Return,Laptop,undergrad,1
E1197,2025-10-14,Brookfield Health Sciences,EResourceSession,EResource,postgraduate,1
E1661,18/01/2026,Brookfield Health Sciences,Footfall,NA,,320
E2066,11 Apr 2026,Boole Basement,Loan,Book,UG,1
E1648,15/01/2026,Q+1 Reading Room,StudyRoomBooking,StudyRoom,Undergrad,1
E2272,2026-04-29,Brookfield Health Sciences,Loan,Book,Undergraduate,1
E1750,2026-02-04,Brookfield Health Sciences,Loan,Laptop,undergrad,1
E1644,15/01/2026,Boole Library,Footfall,NA,UG,358
E1072,2025-09-18,Brookfield Health Sciences,EResourceSession,EResource,undergraduate,1
E2041,2026-04-07,Boole Basement,Loan,Laptop,UG,1
E1548,2025-12-16,Boole Basement,StudyRoomBooking,StudyRoom,Undergrad,1
E1146,2025-10-03,Q+1 Reading Room,Return,Journal,UG,1
E1881,2026-03-06,Boole Library,StudyRoomBooking,StudyRoom,Postgrad,1
E2264,2026-04-28,Boole Library,Loan,Laptop,postgraduate,1
E1692,2026-01-25,Q+1 Reading Room,Loan,Book,UG,1
E2122,15-04-2026,Boole Basement,StudyRoomBooking,StudyRoom,Undergrad,1
E2234,2026-04-26,Brookfield Health Sciences,HelpDeskTicket,NA,Undergrad,1
E1467,2025-12-08,Boole Basement,Loan,Journal,undergrad,1
E1409,2025-12-02,Boole Library,Return,Laptop,undergrad,1
E1167,2025-10-08,Brookfield Health Sciences,Loan,Laptop,Staff,1
E2001,01/04/2026,Brookfield Health Sciences,Return,Book,Undergrad,1
E1390,01-12-2025,Boole Library,Loan,Laptop,PG,1
E1266,2025-10-31,Boole Library,Loan,Book,Undergraduate,1
E2200,2026-04-22,Q+1 Reading Room,Loan,Book,Postgrad,1
E1563,16/12/2025,Boole Basement,EResourceSession,EResource,postgraduate,1
E1076,2025-09-18,Boole Basement,StudyRoomBooking,StudyRoom,Undergraduate,1
E2232,2026-04-26,Boole Library,Return,Journal,undergraduate,1
E1637,13/01/2026,Brookfield Health Sciences,Return,Book,undergrad,1
E1746,2026-02-04,Boole Basement,Loan,Book,Undergrad,1
E1914,14 Mar 2026,Boole Basement,Loan,Laptop,undergrad,1
E2207,23/04/2026,Brookfield Health Sciences,HelpDeskTicket,NA,PG,1
E2032,2026-04-06,Boole Basement,Loan,Journal,Undergrad,1
E1605,2026-01-05,Boole Library,Loan,Laptop,Undergrad,1
E1221,2025-10-18,Boole Library,Loan,Journal,undergraduate,1
E1565,2025-12-17,Boole Library,HelpDeskTicket,NA,Undergraduate,1
E1616,2026-01-09,Brookfield Health Sciences,Return,Book,PG,1
E1137,01 Oct 2025,Q+1 Reading Room,EResourceSession,EResource,Postgraduate,1
E1220,18-10-2025,Boole Library,Loan,Journal,staff,1
E1852,02/03/2026,Q+1 Reading Room,HelpDeskTicket,NA,Undergrad,1
E1306,2025-11-10,Boole Basement,Footfall,NA,,86
E1145,2025-10-03,Q+1 Reading Room,Loan,Laptop,Undergraduate,1
E1192,2025-10-14,Q+1 Reading Room,EResourceSession,EResource,undergrad,1
E1037,2025-09-10,Brookfield Health Sciences,Loan,Laptop,undergraduate,1
E1242,2025-10-25,Brookfield Health Sciences,Loan,Book,Postgraduate,1
E1045,2025-09-12,Boole Basement,Loan,Book,UG,1
E1839,26-02-2026,Boole Basement,StudyRoomBooking,StudyRoom,Staff,1
E1678,2026-01-22,Brookfield Health Sciences,HelpDeskTicket,NA,UG,1
E1963,2026-03-24,Boole Library,Loan,Journal,PG,1
E2018,03/04/2026,Q+1 Reading Room,StudyRoomBooking,StudyRoom,Undergraduate,1
E1214,17 Oct 2025,Boole Basement,Return,Laptop,undergraduate,1
E1522,14/12/2025,Brookfield Health Sciences,Loan,Book,,1
E1938,2026-03-19,Boole Basement,Loan,Book,undergrad,1
E1620,2026-01-09,Q+1 Reading Room,Loan,Journal,undergraduate,1
E1360,2025-11-23,Boole Basement,EResourceSession,EResource,Undergrad,1
E1535,2025-12-14,Boole Library,Loan,Journal,Undergrad,1
E1320,2025-11-14,Boole Library,StudyRoomBooking,StudyRoom,Undergrad,1
E1923,17/03/2026,Boole Basement,Return,Book,undergraduate,1
E1502,11/12/2025,Q+1 Reading Room,EResourceSession,EResource,undergrad,1
E2278,2026-04-30,Brookfield Health Sciences,Loan,Laptop,undergrad,1
E2282,30/04/2026,Boole Basement,HelpDeskTicket,NA,Undergraduate,1
E2270,29-04-2026,Brookfield Health Sciences,Footfall,NA,Undergrad,503
E1546,16/12/2025,Brookfield Health Sciences,Return,Journal,staff,1
E1929,17-03-2026,Boole Library,Loan,Journal,Staff,1
E1300,08/11/2025,Brookfield Health Sciences,Footfall,NA,UG,665
E2176,20-04-2026,Boole Basement,Loan,Laptop,UG,1
E1941,2026-03-19,Boole Library,Return,Journal,Undergraduate,1
E1047,2025-09-12,Boole Library,Footfall,NA,Undergraduate,715
E1307,11/11/2025,Boole Library,EResourceSession,EResource,postgraduate,1
E1254,2025-10-28,Boole Basement,Loan,Book,,1
E1000,01/09/2025,Boole Library,Loan,Laptop,Undergrad,1
E1673,21-01-2026,Brookfield Health Sciences,EResourceSession,EResource,undergraduate,1
E2159,2026-04-18,Q+1 Reading Room,Footfall,NA,,364
E2251,2026-04-27,Brookfield Health Sciences,StudyRoomBooking,StudyRoom,undergraduate,1
E1557,2025-12-16,Brookfield Health Sciences,Footfall,NA,,510
E2269,2026-04-29,Brookfield Health Sciences,Loan,Laptop,Undergrad,1
E1966,24/03/2026,Q+1 Reading Room,EResourceSession,EResource,Visitor,1
E1518,2025-12-13,Boole Basement,EResourceSession,EResource,Undergraduate,1
E2097,2026-04-13,Boole Library,HelpDeskTicket,NA,Staff,1
E1086,20/09/2025,Brookfield Health Sciences,HelpDeskTicket,NA,undergrad,1
E1035,10/09/2025,Boole Library,Loan,Book,Postgrad,1
E1931,2026-03-18,Brookfield Health Sciences,EResourceSession,EResource,Postgrad,1
E1871,05/03/2026,Boole Basement,Loan,Book,undergraduate,1
E1262,30 Oct 2025,Q+1 Reading Room,Footfall,NA,,501
E1575,17-12-2025,Boole Basement,Return,Laptop,undergraduate,1
E1089,21/09/2025,Q+1 Reading Room,Return,Book,Undergraduate,1
E1165,2025-10-08,Brookfield Health Sciences,Loan,Laptop,undergraduate,1
E1997,2026-03-31,Boole Basement,Loan,Laptop,Undergraduate,1
E1211,17 Oct 2025,Brookfield Health Sciences,HelpDeskTicket,NA,undergraduate,1
E1588,24-12-2025,Boole Library,StudyRoomBooking,StudyRoom,staff,1
E2247,2026-04-27,Brookfield Health Sciences,StudyRoomBooking,StudyRoom,undergrad,1
E1040,10/09/2025,Boole Library,Footfall,NA,,524
E2238,2026-04-26,Q+1 Reading Room,Loan,Laptop,postgraduate,1
E1321,2025-11-15,Boole Basement,EResourceSession,EResource,postgraduate,1
E2186,2026-04-21,Boole Basement,Loan,Laptop,Postgraduate,1
E2133,16/04/2026,Boole Basement,Return,Book,Postgraduate,1
E1568,2025-12-17,Brookfield Health Sciences,EResourceSession,EResource,undergrad,1
E1005,02 Sep 2025,Q+1 Reading Room,Footfall,NA,Postgraduate,135
E1184,2025-10-13,Brookfield Health Sciences,EResourceSession,EResource,Undergraduate,1
E1711,28 Jan 2026,Boole Basement,Loan,Journal,undergraduate,1
E1613,08/01/2026,Boole Basement,StudyRoomBooking,StudyRoom,undergraduate,1
E1958,23/03/2026,Boole Basement,Footfall,NA,,444
E1972,2026-03-25,Boole Basement,Loan,Journal,Visitor,1
E2082,2026-04-12,Boole Library,Loan,Laptop,UG,1
E1919,16/03/2026,Boole Basement,StudyRoomBooking,StudyRoom,undergraduate,1
E2143,17/04/2026,Q+1 Reading Room,Return,Journal,undergrad,1
E1212,17/10/2025,Brookfield Health Sciences,Return,Laptop,Postgrad,1
E1932,18 Mar 2026,Brookfield Health Sciences,StudyRoomBooking,StudyRoom,Undergraduate,1
E2039,07/04/2026,Boole Basement,EResourceSession,EResource,Undergrad,1
E1127,2025-09-29,Brookfield Health Sciences,Return,Journal,Undergraduate,1
E1667,19 Jan 2026,Boole Basement,Return,Laptop,undergrad,1
E2106,14 Apr 2026,Q+1 Reading Room,Return,Laptop,Undergraduate,1
E1838,2026-02-25,Boole Basement,StudyRoomBooking,StudyRoom,Undergraduate,1
E1960,23 Mar 2026,Boole Basement,Footfall,NA,,616
E1551,2025-12-16,Boole Basement,Footfall,NA,,121
E1598,31/12/2025,Boole Basement,EResourceSession,EResource,Undergrad,1
E1857,2026-03-03,Boole Library,HelpDeskTicket,NA,postgraduate,1
E2258,28/04/2026,Boole Basement,Footfall,NA,,763
E1961,24 Mar 2026,Q+1 Reading Room,Return,Book,Postgrad,1
E1989,30/03/2026,Brookfield Health Sciences,Loan,Laptop,Postgrad,1
E1542,15/12/2025,Brookfield Health Sciences,Return,Book,UG,1
E1831,2026-02-23,Brookfield Health Sciences,StudyRoomBooking,StudyRoom,undergraduate,1
E2074,2026-04-11,Boole Basement,StudyRoomBooking,StudyRoom,Undergraduate,1
E1549,16/12/2025,Boole Library,StudyRoomBooking,StudyRoom,Undergrad,1
E2002,01/04/2026,Q+1 Reading Room,Return,Book,,1
E1569,17/12/2025,Boole Basement,EResourceSession,EResource,Staff,1
E1403,2025-12-02,Brookfield Health Sciences,EResourceSession,EResource,PG,1
E1020,2025-09-05,Brookfield Health Sciences,Loan,Laptop,UG,1
E1717,29/01/2026,Boole Library,EResourceSession,EResource,Undergraduate,1
E1832,23/02/2026,Boole Basement,Loan,Book,Undergraduate,1
E1415,04/12/2025,Boole Basement,EResourceSession,EResource,Staff,1
E1189,,Boole Basement,Loan,Journal,Staff,1
E2025,2026-04-04,Boole Basement,Loan,Journal,PG,1
E2009,2026-04-02,Boole Basement,HelpDeskTicket,NA,Staff,1
E2277,30/04/2026,Boole Basement,Footfall,NA,,144
E1986,29/03/2026,Boole Library,Loan,Book,Visitor,1
E1730,01-02-2026,Boole Basement,EResourceSession,EResource,undergraduate,1
E2173,20/04/2026,Q+1 Reading Room,Loan,Journal,staff,1
E1333,18/11/2025,Boole Basement,Footfall,NA,Postgraduate,193
E1101,24/09/2025,Brookfield Health Sciences,Loan,Laptop,Ext,1
E1128,2025-09-30,Q+1 Reading Room,EResourceSession,EResource,Undergrad,1
E1585,23-12-2025,Brookfield Health Sciences,EResourceSession,EResource,undergrad,1
E1305,10/11/2025,Boole Basement,EResourceSession,EResource,Postgrad,1
E1444,2025-12-06,Boole Library,Return,Laptop,UG,1
E1719,2026-01-29,Boole Basement,EResourceSession,EResource,Undergrad,1
E1660,18/01/2026,Q+1 Reading Room,Loan,Laptop,Undergrad,1
E1495,2025-12-10,Q+1 Reading Room,Return,Book,Undergrad,1
E1393,01/12/2025,Q+1 Reading Room,Loan,Journal,postgraduate,1
E2142,2026-04-17,Q+1 Reading Room,Loan,Book,undergraduate,1
E2100,13 Apr 2026,Q+1 Reading Room,Footfall,NA,Ext,628
E1813,2026-02-18,Boole Basement,StudyRoomBooking,StudyRoom,undergrad,1
E1096,2025-09-23,Brookfield Health Sciences,EResourceSession,EResource,undergraduate,1
E2085,2026-04-12,Q+1 Reading Room,Return,Journal,undergraduate,1
E1710,2026-01-28,Boole Library,Return,Book,Postgraduate,1
E1280,2025-11-04,Q+1 Reading Room,EResourceSession,EResource,undergraduate,1
E1491,10-12-2025,Brookfield Health Sciences,HelpDeskTicket,NA,undergraduate,1
E1981,2026-03-27,Brookfield Health Sciences,EResourceSession,EResource,undergraduate,1
E1586,23 Dec 2025,Brookfield Health Sciences,Loan,Laptop,PG,1
E2252,2026-04-27,Boole Basement,Return,Laptop,Postgraduate,1
E1023,06/09/2025,Q+1 Reading Room,HelpDeskTicket,NA,postgraduate,1
E1230,2025-10-22,Boole Library,Return,Journal,Undergrad,1
E1521,13/12/2025,Boole Library,StudyRoomBooking,StudyRoom,UG,1
E1930,2026-03-18,Q+1 Reading Room,StudyRoomBooking,StudyRoom,Postgrad,1
E1684,22-01-2026,Brookfield Health Sciences,EResourceSession,EResource,Postgraduate,1
E1656,17-01-2026,Boole Library,EResourceSession,EResource,undergraduate,1
E2020,2026-04-03,Brookfield Health Sciences,Return,Journal,Undergraduate,1
E1124,29/09/2025,Boole Basement,Loan,Laptop,postgraduate,1
E1084,19/09/2025,Brookfield Health Sciences,Loan,Journal,Undergrad,1
E1119,26-09-2025,Boole Basement,Return,Journal,Undergrad,1
E1122,2025-09-28,Boole Basement,EResourceSession,EResource,Undergrad,1
E1011,2025-09-03,Q+1 Reading Room,HelpDeskTicket,NA,UG,1
E1376,27/11/2025,Boole Library,EResourceSession,EResource,undergrad,1
E1455,2025-12-07,Boole Basement,HelpDeskTicket,NA,UG,1
E2014,2026-04-03,Boole Library,Footfall,NA,,496
E2104,14 Apr 2026,Q+1 Reading Room,HelpDeskTicket,NA,Postgraduate,1
E2051,2026-04-10,Q+1 Reading Room,Footfall,NA,Undergraduate,164
E1391,2025-12-01,Boole Basement,Loan,Laptop,UG,1
E1665,2026-01-19,Boole Basement,StudyRoomBooking,StudyRoom,PG,1
E2257,28/04/2026,Boole Library,EResourceSession,EResource,undergraduate,1
E1885,07/03/2026,Boole Basement,Return,Journal,Postgrad,1
E1474,2025-12-08,Brookfield Health Sciences,StudyRoomBooking,StudyRoom,Visitor,1
E1796,2026-02-16,Q+1 Reading Room,Loan,Laptop,UG,1
E1091,2025-09-22,Q+1 Reading Room,Loan,Book,Postgrad,1
E1674,2026-01-21,Boole Library,Loan,Book,undergrad,1
E1686,22/01/2026,Boole Basement,StudyRoomBooking,StudyRoom,Ext,1
E1814,2025-13-02,Brookfield Health Sciences,Loan,Laptop,Undergrad,1
E1708,2026-01-27,Boole Basement,Loan,Journal,PG,1
E2114,2026-04-14,Boole Library,EResourceSession,EResource,postgraduate,1
E2196,22-04-2026,Brookfield Health Sciences,StudyRoomBooking,StudyRoom,PG,1
E1763,2026-02-08,Brookfield Health Sciences,Footfall,NA,,549
E2152,2026-04-18,Q+1 Reading Room,EResourceSession,EResource,undergrad,1
E1176,09/10/2025,Boole Basement,EResourceSession,EResource,UG,1
E1977,2026-03-27,Boole Basement,Return,Laptop,PG,1
E1610,07/01/2026,Boole Library,Loan,Laptop,Postgrad,1
E1704,2026-01-27,Q+1 Reading Room,Loan,Laptop,postgraduate,1
E1309,2025-11-11,Brookfield Health Sciences,Loan,Laptop,Postgraduate,1
E1500,10-12-2025,Boole Library,Loan,Book,undergraduate,1
E1406,02/12/2025,Q+1 Reading Room,Loan,Journal,postgraduate,1
E1246,2025-10-27,Q+1 Reading Room,Loan,Laptop,undergraduate,1
E1243,2025-10-25,Boole Library,Loan,Book,Undergraduate,1
E1069,2025-09-18,Brookfield Health Sciences,Footfall,NA,Postgraduate,315
E1501,10/12/2025,Q+1 Reading Room,EResourceSession,EResource,Postgrad,1
E1827,2026-02-21,Boole Basement,Return,Book,undergrad,1
E1304,2025-11-10,Brookfield Health Sciences,Footfall,NA,Postgrad,278
E1888,08/03/2026,Boole Library,HelpDeskTicket,NA,undergraduate,1
E1693,2026-01-25,Boole Basement,Loan,Laptop,UG,1
E1240,24/10/2025,Boole Basement,Return,Journal,postgraduate,1
E2077,2026-04-12,Boole Library,HelpDeskTicket,NA,undergrad,1
E1367,25 Nov 2025,Boole Basement,Return,Laptop,Undergrad,1
E1970,2026-03-25,Boole Basement,Loan,Laptop,undergrad,1
E1728,31-01-2026,Brookfield Health Sciences,EResourceSession,EResource,undergrad,1
E1196,2025-10-14,Boole Basement,StudyRoomBooking,StudyRoom,undergrad,1
E1115,26/09/2025,Boole Basement,Loan,Book,Undergraduate,1
E2166,19 Apr 2026,Boole Basement,StudyRoomBooking,StudyRoom,Postgraduate,1
E1874,2026-03-06,Boole Basement,Loan,Book,undergraduate,1
E2083,2026-04-12,Boole Basement,Loan,Book,Visitor,1
E1302,2025-11-09,Q+1 Reading Room,HelpDeskTicket,NA,,1
E1208,2025-10-16,Boole Library,Loan,Journal,Undergraduate,1
E1741,03/02/2026,Boole Basement,EResourceSession,EResource,Undergrad,1
E2105,2026-04-14,Q+1 Reading Room,EResourceSession,EResource,undergraduate,1
E1400,2025-12-01,,EResourceSession,EResource,postgraduate,1
E1446,06/12/2025,Boole Basement,Loan,Journal,UG,1
E2290,2026-05-01,Q+1 Reading Room,Return,Book,undergraduate,1
E2101,2026-04-13,Boole Library,Loan,Laptop,undergraduate,1
E2084,2026-04-12,Brookfield Health Sciences,Loan,Book,Postgraduate,1
E1988,2026-03-30,Boole Basement,EResourceSession,EResource,Undergrad,1
E1904,12-03-2026,Boole Library,Loan,Journal,UG,1
E1281,04 Nov 2025,Boole Library,EResourceSession,EResource,undergrad,1
E1335,2025-11-18,Brookfield Health Sciences,HelpDeskTicket,NA,Undergraduate,1
E1937,19 Mar 2026,Boole Basement,Loan,Book,STAFF,1
E1622,09/01/2026,Q+1 Reading Room,Loan,Journal,undergraduate,1
E1110,2025-09-25,Boole Basement,StudyRoomBooking,StudyRoom,undergraduate,1
E1662,18/01/2026,Brookfield Health Sciences,Footfall,NA,,460
E1268,2025-11-01,Boole Basement,Loan,Journal,undergrad,1
E1199,15/10/2025,Boole Basement,EResourceSession,EResource,Postgraduate,1
E1806,17/02/2026,Brookfield Health Sciences,Return,Journal,UG,1
E2178,2026-04-20,Brookfield Health Sciences,Loan,Laptop,Ext,1
E1578,2025-12-18,Brookfield Health Sciences,Loan,Book,Undergraduate,1
E1579,2025-12-18,Brookfield Health Sciences,Loan,Laptop,postgraduate,1
E1147,03 Oct 2025,Q+1 Reading Room,Loan,Journal,,1
E1800,16 Feb 2026,Boole Library,Return,Laptop,undergraduate,1
E1801,16-02-2026,Boole Library,EResourceSession,EResource,Undergraduate,1
E2184,2026-04-20,Boole Basement,Loan,Laptop,UG,1
E2225,2026-04-25,Q+1 Reading Room,EResourceSession,EResource,Postgrad,1
E1865,04/03/2026,Boole Basement,Loan,Laptop,,1
E1691,24-01-2026,Q+1 Reading Room,Return,Laptop,Undergraduate,1
E1803,17-02-2026,Brookfield Health Sciences,EResourceSession,EResource,undergrad,1
E1044,2025-09-12,Boole Basement,Loan,Laptop,undergrad,1
E1326,17-11-2025,Boole Basement,Loan,Laptop,undergraduate,1
E1612,2026-01-07,Q+1 Reading Room,EResourceSession,EResource,Undergrad,1
E1802,17/02/2026,Boole Library,StudyRoomBooking,StudyRoom,Undergrad,1
E1998,2026-03-31,Q+1 Reading Room,HelpDeskTicket,NA,undergrad,1
E1366,25 Nov 2025,Q+1 Reading Room,StudyRoomBooking,StudyRoom,UG,1
E1107,25/09/2025,Boole Library,EResourceSession,EResource,Ext,1
E1460,07 Dec 2025,Q+1 Reading Room,Loan,Laptop,External,1
E1431,2025-12-05,Q+1 Reading Room,Loan,Journal,staff,1
E1312,13/11/2025,Boole Library,Return,Journal,postgraduate,1
E1682,22/01/2026,Boole Basement,Loan,Journal,Undergraduate,1
E2261,2026-04-28,Q+1 Reading Room,StudyRoomBooking,StudyRoom,Undergraduate,1
E1771,2026-02-09,Q+1 Reading Room,Loan,Laptop,staff,1
E1596,2025-12-30,Brookfield Health Sciences,StudyRoomBooking,StudyRoom,UG,1
E2013,2026-04-02,Q+1 Reading Room,StudyRoomBooking,StudyRoom,Undergrad,1
E1441,06/12/2025,Brookfield Health Sciences,EResourceSession,EResource,STAFF,1
E1979,2026-03-27,Boole Basement,EResourceSession,EResource,PG,1
E1560,2025-12-16,Q+1 Reading Room,EResourceSession,EResource,UG,1
E2146,2026-04-17,Brookfield Health Sciences,HelpDeskTicket,NA,undergrad,1
E2028,06/04/2026,Boole Library,Footfall,NA,Postgraduate,344
E1632,13/01/2026,Boole Basement,Loan,Journal,Undergrad,1
E1655,16/01/2026,Q+1 Reading Room,EResourceSession,EResource,UG,1
E1070,18/09/2025,Q+1 Reading Room,Return,Laptop,PG,1
E1298,08-11-2025,Brookfield Health Sciences,Return,Laptop,Visitor,1
E1580,19 Dec 2025,Boole Library,Return,Journal,Postgrad,1
E1301,2025-11-09,Boole Library,Return,Book,,1
E1933,2026-03-18,Boole Basement,Return,Book,Postgrad,1
E2023,04-04-2026,Boole Library,Loan,Laptop,Visitor,1
E1448,06 Dec 2025,Brookfield Health Sciences,Footfall,NA,undergrad,637
E1607,06/01/2026,Boole Library,Loan,Laptop,Postgraduate,1
E1296,07 Nov 2025,Q+1 Reading Room,EResourceSession,EResource,Undergrad,1
E1647,2026-01-15,Boole Library,StudyRoomBooking,StudyRoom,undergrad,1
E1943,2026-03-19,Boole Basement,StudyRoomBooking,StudyRoom,PG,1
E2102,2026-04-14,Brookfield Health Sciences,Loan,Book,postgraduate,1
E1018,05-09-2025,Boole Basement,EResourceSession,EResource,Undergrad,1
E1809,2026-02-18,Q+1 Reading Room,StudyRoomBooking,StudyRoom,UG,1
E1218,18-10-2025,Boole Library,Return,Journal,STAFF,1
E1454,2025-12-07,Boole Basement,StudyRoomBooking,StudyRoom,undergraduate,1
E2064,11/04/2026,Boole Library,EResourceSession,EResource,Undergrad,1
E1258,2025-10-30,Boole Basement,Loan,Laptop,Ext,1
E1747,2026-02-04,Boole Basement,Return,Laptop,UG,1
E1654,16/01/2026,Q+1 Reading Room,Return,Laptop,Undergraduate,1
E1867,2026-03-04,Boole Library,EResourceSession,EResource,UG,1
E1794,2026-02-15,Brookfield Health Sciences,Return,Journal,undergraduate,1
E1388,30/11/2025,,Return,Laptop,UG,1
E2096,13/04/2026,Boole Basement,StudyRoomBooking,StudyRoom,Undergraduate,1
E1126,2025-09-29,Boole Basement,HelpDeskTicket,NA,postgraduate,1
E1636,13-01-2026,Boole Library,EResourceSession,EResource,Undergraduate,1
E2284,30-04-2026,Boole Basement,EResourceSession,EResource,postgraduate,1
E1778,2026-02-10,Brookfield Health Sciences,Footfall,NA,undergraduate,856
E1641,14 Jan 2026,Boole Library,Loan,Laptop,STAFF,1
E1260,30/10/2025,Boole Library,Footfall,NA,PG,738
E1753,06-02-2026,Brookfield Health Sciences,EResourceSession,EResource,Undergrad,1
E1237,2025-10-24,Q+1 Reading Room,EResourceSession,EResource,undergraduate,1
E1385,29 Nov 2025,Brookfield Health Sciences,StudyRoomBooking,StudyRoom,Undergraduate,1
E1696,2026-01-26,Q+1 Reading Room,EResourceSession,EResource,Postgrad,1
E1842,2026-02-26,Boole Library,Return,Journal,undergrad,1
E1228,2025-10-21,Boole Library,Loan,Laptop,undergrad,1
E1179,10-10-2025,Boole Library,EResourceSession,EResource,staff,1
E1595,30/12/2025,Brookfield Health Sciences,Loan,Book,UG,1
E2164,2026-04-19,Brookfield Health Sciences,Loan,Journal,Undergraduate,1
E1530,2025-12-14,Boole Library,Footfall,NA,Ext,280
E1457,2025-12-07,Brookfield Health Sciences,Return,Journal,Undergrad,1
E1477,2025-12-09,Boole Library,Loan,Journal,Undergrad,1
E1894,2026-03-09,Boole Basement,HelpDeskTicket,NA,Postgraduate,1
E1781,2026-02-11,Brookfield Health Sciences,HelpDeskTicket,NA,UG,1
E1772,2026-02-09,Boole Basement,Loan,Book,UG,1
E2220,25/04/2026,Q+1 Reading Room,Return,Laptop,UG,1
E1132,30/09/2025,Q+1 Reading Room,EResourceSession,EResource,UG,1
E1458,2025-12-07,Boole Basement,Return,Laptop,Undergrad,1
E1681,22 Jan 2026,Boole Basement,StudyRoomBooking,StudyRoom,Undergraduate,1
E1185,13/10/2025,Boole Library,Return,Book,undergrad,1
E2285,01-05-2026,Brookfield Health Sciences,HelpDeskTicket,NA,postgraduate,1
E2094,2026-04-13,Q+1 Reading Room,Loan,Book,undergrad,1
E1278,2025-11-03,Boole Library,StudyRoomBooking,StudyRoom,Undergrad,1
E1252,28/10/2025,Q+1 Reading Room,EResourceSession,EResource,undergrad,1
E2182,2026-04-20,Brookfield Health Sciences,HelpDeskTicket,NA,undergrad,1
E1527,14-12-2025,Boole Basement,Loan,Laptop,Ext,1
E1451,07/12/2025,Boole Library,StudyRoomBooking,StudyRoom,undergraduate,1
E1574,17/12/2025,Q+1 Reading Room,HelpDeskTicket,NA,postgraduate,1
E1785,12 Feb 2026,Q+1 Reading Room,Loan,Book,Postgrad,1
E1668,20/01/2026,Boole Basement,Return,Journal,Undergraduate,1
E1328,2025-11-17,Boole Library,StudyRoomBooking,StudyRoom,UG,1
E1059,15/09/2025,Boole Library,EResourceSession,EResource,Undergrad,1
E1890,09/03/2026,Q+1 Reading Room,Loan,Book,undergrad,1
E1216,2025-10-17,Boole Basement,Return,Journal,staff,1
E1183,2025-10-12,Boole Library,Loan,Book,Postgrad,1
E2276,30 Apr 2026,Boole Basement,HelpDeskTicket,NA,UG,1
E1433,2025-12-06,Boole Library,HelpDeskTicket,NA,UG,1
E1498,10-12-2025,Boole Basement,Return,Book,Undergraduate,1
E1493,2025-12-10,Boole Library,Return,Journal,Postgraduate,1
E2107,2026-04-14,Q+1 Reading Room,StudyRoomBooking,StudyRoom,PG,1
E1987,2026-03-29,Boole Library,Loan,Book,Undergraduate,1
E1236,2025-10-23,Boole Basement,Return,Journal,PG,1
E1913,2026-03-14,Boole Library,Loan,Laptop,PG,1
E2286,2026-05-01,Q+1 Reading Room,StudyRoomBooking,StudyRoom,Undergrad,1
E1956,2026-03-23,Boole Basement,HelpDeskTicket,NA,undergrad,1
E2123,15/04/2026,Boole Library,EResourceSession,EResource,Postgraduate,1
E1617,2026-01-09,Brookfield Health Sciences,Loan,Laptop,UG,1
E1178,10/10/2025,Q+1 Reading Room,StudyRoomBooking,StudyRoom,UG,1
E2019,03 Apr 2026,Q+1 Reading Room,Loan,Laptop,Undergrad,1
E1261,30/10/2025,Q+1 Reading Room,Loan,Laptop,PG,1
E1065,2025-09-17,Brookfield Health Sciences,Return,Journal,postgraduate,1
E2033,06/04/2026,Boole Library,StudyRoomBooking,StudyRoom,Visitor,1
E2171,2026-04-19,Q+1 Reading Room,StudyRoomBooking,StudyRoom,undergraduate,1
E2228,2026-04-25,Boole Basement,EResourceSession,EResource,undergraduate,1
E1293,2025-11-07,Brookfield Health Sciences,Loan,Journal,Postgraduate,1
E1399,2025-12-01,Q+1 Reading Room,StudyRoomBooking,StudyRoom,Postgraduate,1
E1601,02 Jan 2026,Boole Library,HelpDeskTicket,NA,Undergraduate,1
E1788,13/02/2026,Boole Library,Return,Laptop,STAFF,1
E2211,2026-04-24,Boole Basement,Footfall,NA,Postgraduate,336
E1975,26/03/2026,Boole Library,Footfall,NA,,448
E1876,2026-03-06,Q+1 Reading Room,StudyRoomBooking,StudyRoom,STAFF,1
E1713,28/01/2026,Q+1 Reading Room,StudyRoomBooking,StudyRoom,UG,1
E1166,08 Oct 2025,Boole Basement,Loan,Book,postgraduate,1
E1819,2026-02-20,Q+1 Reading Room,StudyRoomBooking,StudyRoom,PG,1
E1992,2026-03-30,Brookfield Health Sciences,Loan,Journal,Undergrad,1
E1478,2025-12-09,Brookfield Health Sciences,HelpDeskTicket,NA,undergraduate,1
E1909,2026-03-13,Boole Library,Loan,Laptop,undergrad,1
E1666,2026-01-19,Q+1 Reading Room,Footfall,NA,Undergraduate,243
E1093,2025-09-22,Boole Basement,Loan,Laptop,UG,1
E1737,02/02/2026,Q+1 Reading Room,EResourceSession,EResource,undergrad,1
E1034,2025-09-09,Q+1 Reading Room,Loan,Book,Undergraduate,1
E1659,2026-01-17,Boole Library,EResourceSession,EResource,undergrad,1
E2210,24/04/2026,Boole Basement,Loan,Book,undergraduate,1
E1384,29 Nov 2025,Brookfield Health Sciences,EResourceSession,EResource,postgraduate,1
E1846,2026-02-28,Boole Library,EResourceSession,EResource,undergraduate,1
E2054,2026-04-10,Q+1 Reading Room,Loan,Laptop,undergraduate,1
E1973,2026-03-25,Boole Library,Loan,Journal,STAFF,1
E1925,17/03/2026,Brookfield Health Sciences,EResourceSession,EResource,undergraduate,1
E1754,2026-02-06,,Footfall,NA,,385
E1509,12-12-2025,Boole Basement,Return,Journal,UG,1
E1572,17 Dec 2025,Boole Library,EResourceSession,EResource,Undergrad,1
E2086,12/04/2026,Boole Basement,EResourceSession,EResource,STAFF,1
E1251,2025-10-28,Brookfield Health Sciences,Footfall,NA,,64
E1052,13/09/2025,Q+1 Reading Room,Loan,Laptop,PG,1
E1284,2025-11-04,Boole Basement,StudyRoomBooking,StudyRoom,Undergraduate,1
E1822,20/02/2026,Brookfield Health Sciences,EResourceSession,EResource,Undergraduate,1
E1935,2026-03-18,Boole Library,Loan,Laptop,STAFF,1
E1006,2025-09-02,Brookfield Health Sciences,Footfall,NA,,323
E1205,2025-10-16,Brookfield Health Sciences,Loan,Journal,Undergraduate,1
E1676,21-01-2026,Q+1 Reading Room,Return,Book,undergrad,1
E1729,2026-01-31,Q+1 Reading Room,StudyRoomBooking,StudyRoom,UG,1
E1117,2025-09-26,Q+1 Reading Room,Loan,Journal,Postgraduate,1
E1775,2026-02-10,Q+1 Reading Room,Loan,Laptop,STAFF,1
E1816,2026-02-19,Boole Basement,Footfall,NA,PG,528
E1739,02 Feb 2026,Boole Library,EResourceSession,EResource,undergraduate,1
E1490,2025-12-10,Boole Basement,Return,Journal,Postgrad,1
E1645,15/01/2026,Brookfield Health Sciences,Loan,Laptop,undergrad,1
E1702,27/01/2026,Boole Basement,Footfall,NA,Postgraduate,305
E1759,07/02/2026,Brookfield Health Sciences,Return,Book,undergrad,1
E1689,23-01-2026,Brookfield Health Sciences,Return,Laptop,UG,1
E1879,2026-03-06,Q+1 Reading Room,Loan,Journal,Undergrad,1
E1690,24 Jan 2026,Boole Basement,StudyRoomBooking,StudyRoom,postgraduate,1
E1969,25/03/2026,Brookfield Health Sciences,Loan,Book,undergrad,1
E1995,31/03/2026,Boole Basement,Loan,Book,Undergrad,1
E2237,2026-04-26,Brookfield Health Sciences,HelpDeskTicket,NA,Postgrad,1
E2065,11 Apr 2026,Boole Library,HelpDeskTicket,NA,UG,1
E1769,09 Feb 2026,Boole Library,EResourceSession,EResource,postgraduate,1
E2236,2026-04-26,Boole Basement,Footfall,NA,,288
E2069,2026-04-11,Boole Basement,Loan,Laptop,undergraduate,1
E1432,2025-12-05,Boole Library,Footfall,NA,undergrad,420
E2283,2026-04-30,Q+1 Reading Room,Loan,Laptop,Postgrad,1
E1085,20/09/2025,Q+1 Reading Room,Loan,Journal,UG,1
E2192,2026-04-21,Q+1 Reading Room,Return,Laptop,postgraduate,1
E1014,04/09/2025,Q+1 Reading Room,EResourceSession,EResource,undergraduate,1
E1544,2025-12-15,Boole Library,Loan,Journal,UG,1
E1125,29 Sep 2025,Boole Library,Loan,Journal,undergraduate,1
E1019,05/09/2025,Q+1 Reading Room,Loan,Book,Postgrad,1
E1206,16/10/2025,Boole Library,Return,Laptop,Undergraduate,1
E1993,31 Mar 2026,Q+1 Reading Room,Loan,Journal,postgraduate,1
E1978,2026-03-27,,Footfall,NA,undergraduate,107
E1480,09/12/2025,Boole Basement,Return,Journal,staff,1
E2199,2026-04-22,Boole Library,HelpDeskTicket,NA,staff,1
E1060,2025-09-16,Boole Basement,Footfall,NA,UG,465
E1700,26-01-2026,Q+1 Reading Room,Loan,Laptop,PG,1
E1131,2025-09-30,Q+1 Reading Room,HelpDeskTicket,NA,STAFF,1
E1566,17/12/2025,Brookfield Health Sciences,Footfall,NA,undergrad,177
E1255,29/10/2025,Brookfield Health Sciences,EResourceSession,EResource,postgraduate,1
E1773,10-02-2026,,HelpDeskTicket,NA,Ext,1
E1175,09-10-2025,Q+1 Reading Room,Return,Journal,UG,1
E1600,2026-01-01,Boole Basement,Loan,Book,UG,1
E1163,08 Oct 2025,Q+1 Reading Room,Return,Book,Undergrad,1
E1340,2025-11-19,Boole Library,HelpDeskTicket,NA,Undergrad,1
E1630,13 Jan 2026,Brookfield Health Sciences,Loan,Laptop,undergrad,1
E1902,11/03/2026,Q+1 Reading Room,StudyRoomBooking,StudyRoom,Staff,1
E1837,25/02/2026,,Return,Journal,undergraduate,1
E1531,14/12/2025,Boole Basement,Footfall,NA,Postgraduate,630
E1392,2025-12-01,Q+1 Reading Room,Loan,Journal,undergrad,1
E1374,27/11/2025,Boole Library,Loan,Journal,Postgraduate,1
E1120,2025-09-27,Boole Basement,HelpDeskTicket,NA,Postgrad,1
E1411,2025-12-02,Boole Basement,HelpDeskTicket,NA,Postgraduate,1
E1380,2025-11-28,Boole Library,EResourceSession,EResource,undergrad,1
E1435,06/12/2025,Brookfield Health Sciences,Return,Book,UG,1
E2161,18-04-2026,Boole Basement,Return,Journal,Undergrad,1
E1922,17 Mar 2026,Q+1 Reading Room,Loan,Book,undergraduate,1
E1225,2025-10-20,Boole Library,StudyRoomBooking,StudyRoom,UG,1
E2029,06/04/2026,Boole Basement,Return,Journal,undergraduate,1
E1372,2025-11-27,Boole Basement,EResourceSession,EResource,Staff,1
E1996,31/03/2026,Boole Basement,StudyRoomBooking,StudyRoom,Undergraduate,1
E1405,02 Dec 2025,Brookfield Health Sciences,HelpDeskTicket,NA,Postgrad,1
E1275,2025-11-03,Boole Basement,StudyRoomBooking,StudyRoom,Undergrad,1
E1381,2025-11-28,Brookfield Health Sciences,Loan,Journal,Undergrad,1
E1767,2026-02-09,Boole Library,Return,Book,PG,1
E1361,2025-11-23,Q+1 Reading Room,Return,Journal,undergraduate,1
E1349,21/11/2025,Boole Library,StudyRoomBooking,StudyRoom,Undergrad,1
E1882,2026-03-06,Boole Library,Footfall,NA,,271
E1590,26/12/2025,Boole Library,Loan,Journal,postgraduate,1
E1853,02 Mar 2026,Boole Library,EResourceSession,EResource,undergrad,1
E2075,2026-04-11,Boole Library,Return,Book,undergraduate,1
E1855,2026-03-02,Brookfield Health Sciences,Return,Laptop,Undergraduate,1
E1143,02-10-2025,Brookfield Health Sciences,Loan,Book,Undergraduate,1
E1198,2025-10-14,Q+1 Reading Room,Loan,Journal,Undergrad,1
E1003,2025-09-01,Brookfield Health Sciences,EResourceSession,EResource,Undergraduate,1
E2007,01/04/2026,Q+1 Reading Room,Footfall,NA,undergrad,392
E1344,20-11-2025,Brookfield Health Sciences,Loan,Book,Postgraduate,1
E1013,2025-09-04,Boole Library,StudyRoomBooking,StudyRoom,undergraduate,1
E1630,13 Jan 2026,Brookfield Health Sciences,Loan,Laptop,undergrad,1
E1815,2026-02-18,Brookfield Health Sciences,HelpDeskTicket,NA,UG,1
E1429,2025-12-05,Brookfield Health Sciences,EResourceSession,EResource,UG,1
E1550,2025-12-16,Brookfield Health Sciences,Footfall,NA,,79
E1292,2025-11-06,Brookfield Health Sciences,Footfall,NA,,850
E1705,2026-01-27,Q+1 Reading Room,Loan,Journal,staff,1
E2172,19/04/2026,Brookfield Health Sciences,Loan,Book,PG,1
E1223,19/10/2025,Brookfield Health Sciences,Loan,Laptop,Undergraduate,1
E1182,2025-10-12,Boole Basement,Footfall,NA,,359
